ISO-10303-21;
HEADER;
/* Generated by software containing ST-Developer
 * from STEP Tools, Inc. (www.steptools.com) 
 */

FILE_DESCRIPTION(
/* description */ (''),
/* implementation_level */ '2;1');

FILE_NAME(
/* name */ 'Bottom Row 2u.step',
/* time_stamp */ '2026-03-26T18:08:29+01:00',
/* author */ (''),
/* organization */ (''),
/* preprocessor_version */ 'ST-DEVELOPER v20.1',
/* originating_system */ 'Autodesk Translation Framework v14.24.0.0',
/* authorisation */ '');

FILE_SCHEMA (('AUTOMOTIVE_DESIGN { 1 0 10303 214 3 1 1 }'));
ENDSEC;

DATA;
#10=MECHANICAL_DESIGN_GEOMETRIC_PRESENTATION_REPRESENTATION('',(#13),#2762);
#11=SHAPE_REPRESENTATION_RELATIONSHIP('SRR','None',#2768,#12);
#12=ADVANCED_BREP_SHAPE_REPRESENTATION('',(#14),#2761);
#13=STYLED_ITEM('',(#2778),#14);
#14=MANIFOLD_SOLID_BREP('K\X\F6rper1',#1726);
#15=FACE_BOUND('',#162,.T.);
#16=FACE_BOUND('',#189,.T.);
#17=FACE_BOUND('',#217,.T.);
#18=FACE_BOUND('',#233,.T.);
#19=FACE_BOUND('',#234,.T.);
#20=FACE_BOUND('',#235,.T.);
#21=FACE_BOUND('',#241,.T.);
#22=CIRCLE('',#1732,2.8);
#23=CIRCLE('',#1733,2.8);
#24=CIRCLE('',#1735,2.8);
#25=CIRCLE('',#1736,2.8);
#26=CIRCLE('',#1738,2.8);
#27=CIRCLE('',#1739,2.8);
#28=CIRCLE('',#1824,6.29583778632342);
#29=CIRCLE('',#1825,6.29583778632342);
#30=CIRCLE('',#1830,9.);
#31=CIRCLE('',#1831,9.);
#32=CYLINDRICAL_SURFACE('',#1731,2.8);
#33=CYLINDRICAL_SURFACE('',#1734,2.8);
#34=CYLINDRICAL_SURFACE('',#1737,2.8);
#35=CYLINDRICAL_SURFACE('',#1823,6.29583778632342);
#36=CYLINDRICAL_SURFACE('',#1829,9.);
#37=FACE_OUTER_BOUND('',#137,.T.);
#38=FACE_OUTER_BOUND('',#138,.T.);
#39=FACE_OUTER_BOUND('',#139,.T.);
#40=FACE_OUTER_BOUND('',#140,.T.);
#41=FACE_OUTER_BOUND('',#141,.T.);
#42=FACE_OUTER_BOUND('',#142,.T.);
#43=FACE_OUTER_BOUND('',#143,.T.);
#44=FACE_OUTER_BOUND('',#144,.T.);
#45=FACE_OUTER_BOUND('',#145,.T.);
#46=FACE_OUTER_BOUND('',#146,.T.);
#47=FACE_OUTER_BOUND('',#147,.T.);
#48=FACE_OUTER_BOUND('',#148,.T.);
#49=FACE_OUTER_BOUND('',#149,.T.);
#50=FACE_OUTER_BOUND('',#150,.T.);
#51=FACE_OUTER_BOUND('',#151,.T.);
#52=FACE_OUTER_BOUND('',#152,.T.);
#53=FACE_OUTER_BOUND('',#153,.T.);
#54=FACE_OUTER_BOUND('',#154,.T.);
#55=FACE_OUTER_BOUND('',#155,.T.);
#56=FACE_OUTER_BOUND('',#156,.T.);
#57=FACE_OUTER_BOUND('',#157,.T.);
#58=FACE_OUTER_BOUND('',#158,.T.);
#59=FACE_OUTER_BOUND('',#159,.T.);
#60=FACE_OUTER_BOUND('',#160,.T.);
#61=FACE_OUTER_BOUND('',#161,.T.);
#62=FACE_OUTER_BOUND('',#163,.T.);
#63=FACE_OUTER_BOUND('',#164,.T.);
#64=FACE_OUTER_BOUND('',#165,.T.);
#65=FACE_OUTER_BOUND('',#166,.T.);
#66=FACE_OUTER_BOUND('',#167,.T.);
#67=FACE_OUTER_BOUND('',#168,.T.);
#68=FACE_OUTER_BOUND('',#169,.T.);
#69=FACE_OUTER_BOUND('',#170,.T.);
#70=FACE_OUTER_BOUND('',#171,.T.);
#71=FACE_OUTER_BOUND('',#172,.T.);
#72=FACE_OUTER_BOUND('',#173,.T.);
#73=FACE_OUTER_BOUND('',#174,.T.);
#74=FACE_OUTER_BOUND('',#175,.T.);
#75=FACE_OUTER_BOUND('',#176,.T.);
#76=FACE_OUTER_BOUND('',#177,.T.);
#77=FACE_OUTER_BOUND('',#178,.T.);
#78=FACE_OUTER_BOUND('',#179,.T.);
#79=FACE_OUTER_BOUND('',#180,.T.);
#80=FACE_OUTER_BOUND('',#181,.T.);
#81=FACE_OUTER_BOUND('',#182,.T.);
#82=FACE_OUTER_BOUND('',#183,.T.);
#83=FACE_OUTER_BOUND('',#184,.T.);
#84=FACE_OUTER_BOUND('',#185,.T.);
#85=FACE_OUTER_BOUND('',#186,.T.);
#86=FACE_OUTER_BOUND('',#187,.T.);
#87=FACE_OUTER_BOUND('',#188,.T.);
#88=FACE_OUTER_BOUND('',#190,.T.);
#89=FACE_OUTER_BOUND('',#191,.T.);
#90=FACE_OUTER_BOUND('',#192,.T.);
#91=FACE_OUTER_BOUND('',#193,.T.);
#92=FACE_OUTER_BOUND('',#194,.T.);
#93=FACE_OUTER_BOUND('',#195,.T.);
#94=FACE_OUTER_BOUND('',#196,.T.);
#95=FACE_OUTER_BOUND('',#197,.T.);
#96=FACE_OUTER_BOUND('',#198,.T.);
#97=FACE_OUTER_BOUND('',#199,.T.);
#98=FACE_OUTER_BOUND('',#200,.T.);
#99=FACE_OUTER_BOUND('',#201,.T.);
#100=FACE_OUTER_BOUND('',#202,.T.);
#101=FACE_OUTER_BOUND('',#203,.T.);
#102=FACE_OUTER_BOUND('',#204,.T.);
#103=FACE_OUTER_BOUND('',#205,.T.);
#104=FACE_OUTER_BOUND('',#206,.T.);
#105=FACE_OUTER_BOUND('',#207,.T.);
#106=FACE_OUTER_BOUND('',#208,.T.);
#107=FACE_OUTER_BOUND('',#209,.T.);
#108=FACE_OUTER_BOUND('',#210,.T.);
#109=FACE_OUTER_BOUND('',#211,.T.);
#110=FACE_OUTER_BOUND('',#212,.T.);
#111=FACE_OUTER_BOUND('',#213,.T.);
#112=FACE_OUTER_BOUND('',#214,.T.);
#113=FACE_OUTER_BOUND('',#215,.T.);
#114=FACE_OUTER_BOUND('',#216,.T.);
#115=FACE_OUTER_BOUND('',#218,.T.);
#116=FACE_OUTER_BOUND('',#219,.T.);
#117=FACE_OUTER_BOUND('',#220,.T.);
#118=FACE_OUTER_BOUND('',#221,.T.);
#119=FACE_OUTER_BOUND('',#222,.T.);
#120=FACE_OUTER_BOUND('',#223,.T.);
#121=FACE_OUTER_BOUND('',#224,.T.);
#122=FACE_OUTER_BOUND('',#225,.T.);
#123=FACE_OUTER_BOUND('',#226,.T.);
#124=FACE_OUTER_BOUND('',#227,.T.);
#125=FACE_OUTER_BOUND('',#228,.T.);
#126=FACE_OUTER_BOUND('',#229,.T.);
#127=FACE_OUTER_BOUND('',#230,.T.);
#128=FACE_OUTER_BOUND('',#231,.T.);
#129=FACE_OUTER_BOUND('',#232,.T.);
#130=FACE_OUTER_BOUND('',#236,.T.);
#131=FACE_OUTER_BOUND('',#237,.T.);
#132=FACE_OUTER_BOUND('',#238,.T.);
#133=FACE_OUTER_BOUND('',#239,.T.);
#134=FACE_OUTER_BOUND('',#240,.T.);
#135=FACE_OUTER_BOUND('',#242,.T.);
#136=FACE_OUTER_BOUND('',#243,.T.);
#137=EDGE_LOOP('',(#1065,#1066,#1067,#1068));
#138=EDGE_LOOP('',(#1069,#1070,#1071,#1072));
#139=EDGE_LOOP('',(#1073,#1074,#1075,#1076));
#140=EDGE_LOOP('',(#1077,#1078,#1079,#1080));
#141=EDGE_LOOP('',(#1081,#1082,#1083,#1084));
#142=EDGE_LOOP('',(#1085,#1086,#1087,#1088));
#143=EDGE_LOOP('',(#1089,#1090,#1091,#1092));
#144=EDGE_LOOP('',(#1093,#1094,#1095,#1096));
#145=EDGE_LOOP('',(#1097,#1098,#1099,#1100));
#146=EDGE_LOOP('',(#1101,#1102,#1103,#1104));
#147=EDGE_LOOP('',(#1105,#1106,#1107,#1108));
#148=EDGE_LOOP('',(#1109,#1110,#1111,#1112));
#149=EDGE_LOOP('',(#1113,#1114,#1115,#1116));
#150=EDGE_LOOP('',(#1117,#1118,#1119,#1120));
#151=EDGE_LOOP('',(#1121,#1122,#1123,#1124));
#152=EDGE_LOOP('',(#1125,#1126,#1127,#1128));
#153=EDGE_LOOP('',(#1129,#1130,#1131,#1132));
#154=EDGE_LOOP('',(#1133,#1134,#1135,#1136));
#155=EDGE_LOOP('',(#1137,#1138,#1139,#1140));
#156=EDGE_LOOP('',(#1141,#1142,#1143,#1144));
#157=EDGE_LOOP('',(#1145,#1146,#1147,#1148));
#158=EDGE_LOOP('',(#1149,#1150,#1151,#1152));
#159=EDGE_LOOP('',(#1153,#1154,#1155,#1156));
#160=EDGE_LOOP('',(#1157,#1158,#1159,#1160));
#161=EDGE_LOOP('',(#1161));
#162=EDGE_LOOP('',(#1162,#1163,#1164,#1165,#1166,#1167,#1168,#1169,#1170,
#1171,#1172,#1173));
#163=EDGE_LOOP('',(#1174,#1175,#1176,#1177,#1178,#1179,#1180,#1181,#1182,
#1183,#1184,#1185));
#164=EDGE_LOOP('',(#1186,#1187,#1188,#1189));
#165=EDGE_LOOP('',(#1190,#1191,#1192,#1193));
#166=EDGE_LOOP('',(#1194,#1195,#1196,#1197));
#167=EDGE_LOOP('',(#1198,#1199,#1200,#1201));
#168=EDGE_LOOP('',(#1202,#1203,#1204,#1205));
#169=EDGE_LOOP('',(#1206,#1207,#1208,#1209));
#170=EDGE_LOOP('',(#1210,#1211,#1212,#1213));
#171=EDGE_LOOP('',(#1214,#1215,#1216,#1217));
#172=EDGE_LOOP('',(#1218,#1219,#1220,#1221));
#173=EDGE_LOOP('',(#1222,#1223,#1224,#1225));
#174=EDGE_LOOP('',(#1226,#1227,#1228,#1229));
#175=EDGE_LOOP('',(#1230,#1231,#1232,#1233));
#176=EDGE_LOOP('',(#1234,#1235,#1236,#1237));
#177=EDGE_LOOP('',(#1238,#1239,#1240,#1241));
#178=EDGE_LOOP('',(#1242,#1243,#1244,#1245));
#179=EDGE_LOOP('',(#1246,#1247,#1248,#1249));
#180=EDGE_LOOP('',(#1250,#1251,#1252,#1253));
#181=EDGE_LOOP('',(#1254,#1255,#1256,#1257));
#182=EDGE_LOOP('',(#1258,#1259,#1260,#1261));
#183=EDGE_LOOP('',(#1262,#1263,#1264,#1265));
#184=EDGE_LOOP('',(#1266,#1267,#1268,#1269));
#185=EDGE_LOOP('',(#1270,#1271,#1272,#1273));
#186=EDGE_LOOP('',(#1274,#1275,#1276,#1277));
#187=EDGE_LOOP('',(#1278,#1279,#1280,#1281));
#188=EDGE_LOOP('',(#1282));
#189=EDGE_LOOP('',(#1283,#1284,#1285,#1286,#1287,#1288,#1289,#1290,#1291,
#1292,#1293,#1294));
#190=EDGE_LOOP('',(#1295,#1296,#1297,#1298,#1299,#1300,#1301,#1302,#1303,
#1304,#1305,#1306));
#191=EDGE_LOOP('',(#1307,#1308,#1309,#1310));
#192=EDGE_LOOP('',(#1311,#1312,#1313,#1314));
#193=EDGE_LOOP('',(#1315,#1316,#1317,#1318));
#194=EDGE_LOOP('',(#1319,#1320,#1321,#1322));
#195=EDGE_LOOP('',(#1323,#1324,#1325,#1326));
#196=EDGE_LOOP('',(#1327,#1328,#1329,#1330));
#197=EDGE_LOOP('',(#1331,#1332,#1333,#1334));
#198=EDGE_LOOP('',(#1335,#1336,#1337,#1338));
#199=EDGE_LOOP('',(#1339,#1340,#1341,#1342));
#200=EDGE_LOOP('',(#1343,#1344,#1345,#1346));
#201=EDGE_LOOP('',(#1347,#1348,#1349,#1350));
#202=EDGE_LOOP('',(#1351,#1352,#1353,#1354));
#203=EDGE_LOOP('',(#1355,#1356,#1357,#1358));
#204=EDGE_LOOP('',(#1359,#1360,#1361,#1362));
#205=EDGE_LOOP('',(#1363,#1364,#1365,#1366));
#206=EDGE_LOOP('',(#1367,#1368,#1369,#1370));
#207=EDGE_LOOP('',(#1371,#1372,#1373,#1374));
#208=EDGE_LOOP('',(#1375,#1376,#1377,#1378));
#209=EDGE_LOOP('',(#1379,#1380,#1381,#1382));
#210=EDGE_LOOP('',(#1383,#1384,#1385,#1386));
#211=EDGE_LOOP('',(#1387,#1388,#1389,#1390));
#212=EDGE_LOOP('',(#1391,#1392,#1393,#1394));
#213=EDGE_LOOP('',(#1395,#1396,#1397,#1398));
#214=EDGE_LOOP('',(#1399,#1400,#1401,#1402));
#215=EDGE_LOOP('',(#1403,#1404,#1405,#1406));
#216=EDGE_LOOP('',(#1407));
#217=EDGE_LOOP('',(#1408,#1409,#1410,#1411,#1412,#1413,#1414,#1415,#1416,
#1417,#1418,#1419));
#218=EDGE_LOOP('',(#1420,#1421,#1422,#1423,#1424,#1425,#1426,#1427,#1428,
#1429,#1430,#1431));
#219=EDGE_LOOP('',(#1432,#1433,#1434,#1435));
#220=EDGE_LOOP('',(#1436,#1437,#1438,#1439));
#221=EDGE_LOOP('',(#1440,#1441,#1442,#1443));
#222=EDGE_LOOP('',(#1444,#1445,#1446,#1447));
#223=EDGE_LOOP('',(#1448,#1449,#1450,#1451));
#224=EDGE_LOOP('',(#1452,#1453,#1454,#1455));
#225=EDGE_LOOP('',(#1456,#1457,#1458,#1459));
#226=EDGE_LOOP('',(#1460,#1461,#1462,#1463));
#227=EDGE_LOOP('',(#1464,#1465,#1466,#1467));
#228=EDGE_LOOP('',(#1468,#1469,#1470,#1471));
#229=EDGE_LOOP('',(#1472,#1473,#1474,#1475));
#230=EDGE_LOOP('',(#1476,#1477,#1478,#1479));
#231=EDGE_LOOP('',(#1480,#1481,#1482,#1483));
#232=EDGE_LOOP('',(#1484,#1485,#1486,#1487));
#233=EDGE_LOOP('',(#1488));
#234=EDGE_LOOP('',(#1489));
#235=EDGE_LOOP('',(#1490));
#236=EDGE_LOOP('',(#1491,#1492,#1493,#1494));
#237=EDGE_LOOP('',(#1495,#1496,#1497,#1498));
#238=EDGE_LOOP('',(#1499,#1500,#1501,#1502));
#239=EDGE_LOOP('',(#1503,#1504,#1505,#1506));
#240=EDGE_LOOP('',(#1507,#1508,#1509,#1510));
#241=EDGE_LOOP('',(#1511,#1512,#1513,#1514));
#242=EDGE_LOOP('',(#1515,#1516,#1517,#1518,#1519,#1520,#1521,#1522));
#243=EDGE_LOOP('',(#1523,#1524,#1525,#1526,#1527,#1528,#1529,#1530));
#244=LINE('',#2287,#467);
#245=LINE('',#2289,#468);
#246=LINE('',#2291,#469);
#247=LINE('',#2292,#470);
#248=LINE('',#2296,#471);
#249=LINE('',#2298,#472);
#250=LINE('',#2300,#473);
#251=LINE('',#2301,#474);
#252=LINE('',#2304,#475);
#253=LINE('',#2306,#476);
#254=LINE('',#2307,#477);
#255=LINE('',#2312,#478);
#256=LINE('',#2318,#479);
#257=LINE('',#2324,#480);
#258=LINE('',#2329,#481);
#259=LINE('',#2331,#482);
#260=LINE('',#2333,#483);
#261=LINE('',#2334,#484);
#262=LINE('',#2338,#485);
#263=LINE('',#2340,#486);
#264=LINE('',#2342,#487);
#265=LINE('',#2343,#488);
#266=LINE('',#2346,#489);
#267=LINE('',#2348,#490);
#268=LINE('',#2349,#491);
#269=LINE('',#2352,#492);
#270=LINE('',#2354,#493);
#271=LINE('',#2355,#494);
#272=LINE('',#2358,#495);
#273=LINE('',#2360,#496);
#274=LINE('',#2361,#497);
#275=LINE('',#2364,#498);
#276=LINE('',#2366,#499);
#277=LINE('',#2367,#500);
#278=LINE('',#2370,#501);
#279=LINE('',#2372,#502);
#280=LINE('',#2373,#503);
#281=LINE('',#2376,#504);
#282=LINE('',#2378,#505);
#283=LINE('',#2379,#506);
#284=LINE('',#2381,#507);
#285=LINE('',#2382,#508);
#286=LINE('',#2385,#509);
#287=LINE('',#2387,#510);
#288=LINE('',#2388,#511);
#289=LINE('',#2391,#512);
#290=LINE('',#2393,#513);
#291=LINE('',#2394,#514);
#292=LINE('',#2396,#515);
#293=LINE('',#2397,#516);
#294=LINE('',#2400,#517);
#295=LINE('',#2402,#518);
#296=LINE('',#2403,#519);
#297=LINE('',#2406,#520);
#298=LINE('',#2407,#521);
#299=LINE('',#2410,#522);
#300=LINE('',#2411,#523);
#301=LINE('',#2414,#524);
#302=LINE('',#2415,#525);
#303=LINE('',#2418,#526);
#304=LINE('',#2419,#527);
#305=LINE('',#2422,#528);
#306=LINE('',#2423,#529);
#307=LINE('',#2427,#530);
#308=LINE('',#2429,#531);
#309=LINE('',#2431,#532);
#310=LINE('',#2433,#533);
#311=LINE('',#2435,#534);
#312=LINE('',#2436,#535);
#313=LINE('',#2438,#536);
#314=LINE('',#2439,#537);
#315=LINE('',#2441,#538);
#316=LINE('',#2443,#539);
#317=LINE('',#2446,#540);
#318=LINE('',#2451,#541);
#319=LINE('',#2453,#542);
#320=LINE('',#2455,#543);
#321=LINE('',#2456,#544);
#322=LINE('',#2460,#545);
#323=LINE('',#2462,#546);
#324=LINE('',#2464,#547);
#325=LINE('',#2465,#548);
#326=LINE('',#2468,#549);
#327=LINE('',#2470,#550);
#328=LINE('',#2471,#551);
#329=LINE('',#2474,#552);
#330=LINE('',#2476,#553);
#331=LINE('',#2477,#554);
#332=LINE('',#2480,#555);
#333=LINE('',#2482,#556);
#334=LINE('',#2483,#557);
#335=LINE('',#2486,#558);
#336=LINE('',#2488,#559);
#337=LINE('',#2489,#560);
#338=LINE('',#2492,#561);
#339=LINE('',#2494,#562);
#340=LINE('',#2495,#563);
#341=LINE('',#2498,#564);
#342=LINE('',#2500,#565);
#343=LINE('',#2501,#566);
#344=LINE('',#2503,#567);
#345=LINE('',#2504,#568);
#346=LINE('',#2507,#569);
#347=LINE('',#2509,#570);
#348=LINE('',#2510,#571);
#349=LINE('',#2513,#572);
#350=LINE('',#2515,#573);
#351=LINE('',#2516,#574);
#352=LINE('',#2518,#575);
#353=LINE('',#2519,#576);
#354=LINE('',#2522,#577);
#355=LINE('',#2524,#578);
#356=LINE('',#2525,#579);
#357=LINE('',#2528,#580);
#358=LINE('',#2529,#581);
#359=LINE('',#2532,#582);
#360=LINE('',#2533,#583);
#361=LINE('',#2536,#584);
#362=LINE('',#2537,#585);
#363=LINE('',#2540,#586);
#364=LINE('',#2541,#587);
#365=LINE('',#2544,#588);
#366=LINE('',#2545,#589);
#367=LINE('',#2549,#590);
#368=LINE('',#2551,#591);
#369=LINE('',#2553,#592);
#370=LINE('',#2555,#593);
#371=LINE('',#2557,#594);
#372=LINE('',#2558,#595);
#373=LINE('',#2560,#596);
#374=LINE('',#2561,#597);
#375=LINE('',#2563,#598);
#376=LINE('',#2565,#599);
#377=LINE('',#2568,#600);
#378=LINE('',#2572,#601);
#379=LINE('',#2574,#602);
#380=LINE('',#2575,#603);
#381=LINE('',#2579,#604);
#382=LINE('',#2581,#605);
#383=LINE('',#2583,#606);
#384=LINE('',#2584,#607);
#385=LINE('',#2588,#608);
#386=LINE('',#2590,#609);
#387=LINE('',#2592,#610);
#388=LINE('',#2593,#611);
#389=LINE('',#2596,#612);
#390=LINE('',#2598,#613);
#391=LINE('',#2599,#614);
#392=LINE('',#2602,#615);
#393=LINE('',#2604,#616);
#394=LINE('',#2605,#617);
#395=LINE('',#2608,#618);
#396=LINE('',#2610,#619);
#397=LINE('',#2611,#620);
#398=LINE('',#2614,#621);
#399=LINE('',#2616,#622);
#400=LINE('',#2617,#623);
#401=LINE('',#2620,#624);
#402=LINE('',#2622,#625);
#403=LINE('',#2623,#626);
#404=LINE('',#2626,#627);
#405=LINE('',#2628,#628);
#406=LINE('',#2629,#629);
#407=LINE('',#2631,#630);
#408=LINE('',#2632,#631);
#409=LINE('',#2635,#632);
#410=LINE('',#2637,#633);
#411=LINE('',#2638,#634);
#412=LINE('',#2641,#635);
#413=LINE('',#2643,#636);
#414=LINE('',#2644,#637);
#415=LINE('',#2646,#638);
#416=LINE('',#2647,#639);
#417=LINE('',#2650,#640);
#418=LINE('',#2652,#641);
#419=LINE('',#2653,#642);
#420=LINE('',#2656,#643);
#421=LINE('',#2657,#644);
#422=LINE('',#2660,#645);
#423=LINE('',#2661,#646);
#424=LINE('',#2664,#647);
#425=LINE('',#2665,#648);
#426=LINE('',#2668,#649);
#427=LINE('',#2669,#650);
#428=LINE('',#2672,#651);
#429=LINE('',#2673,#652);
#430=LINE('',#2677,#653);
#431=LINE('',#2679,#654);
#432=LINE('',#2681,#655);
#433=LINE('',#2683,#656);
#434=LINE('',#2685,#657);
#435=LINE('',#2686,#658);
#436=LINE('',#2688,#659);
#437=LINE('',#2689,#660);
#438=LINE('',#2691,#661);
#439=LINE('',#2693,#662);
#440=LINE('',#2696,#663);
#441=LINE('',#2699,#664);
#442=LINE('',#2700,#665);
#443=LINE('',#2703,#666);
#444=LINE('',#2705,#667);
#445=LINE('',#2706,#668);
#446=LINE('',#2709,#669);
#447=LINE('',#2710,#670);
#448=LINE('',#2714,#671);
#449=LINE('',#2716,#672);
#450=LINE('',#2718,#673);
#451=LINE('',#2719,#674);
#452=LINE('',#2725,#675);
#453=LINE('',#2726,#676);
#454=LINE('',#2728,#677);
#455=LINE('',#2735,#678);
#456=LINE('',#2738,#679);
#457=LINE('',#2740,#680);
#458=LINE('',#2741,#681);
#459=LINE('',#2744,#682);
#460=LINE('',#2746,#683);
#461=LINE('',#2747,#684);
#462=LINE('',#2750,#685);
#463=LINE('',#2752,#686);
#464=LINE('',#2753,#687);
#465=LINE('',#2755,#688);
#466=LINE('',#2756,#689);
#467=VECTOR('',#1842,10.);
#468=VECTOR('',#1843,10.);
#469=VECTOR('',#1844,10.);
#470=VECTOR('',#1845,10.);
#471=VECTOR('',#1848,10.);
#472=VECTOR('',#1849,10.);
#473=VECTOR('',#1850,10.);
#474=VECTOR('',#1851,10.);
#475=VECTOR('',#1854,10.);
#476=VECTOR('',#1855,10.);
#477=VECTOR('',#1856,10.);
#478=VECTOR('',#1861,2.8);
#479=VECTOR('',#1868,2.8);
#480=VECTOR('',#1875,2.8);
#481=VECTOR('',#1880,10.);
#482=VECTOR('',#1881,10.);
#483=VECTOR('',#1882,10.);
#484=VECTOR('',#1883,10.);
#485=VECTOR('',#1886,10.);
#486=VECTOR('',#1887,10.);
#487=VECTOR('',#1888,10.);
#488=VECTOR('',#1889,10.);
#489=VECTOR('',#1892,10.);
#490=VECTOR('',#1893,10.);
#491=VECTOR('',#1894,10.);
#492=VECTOR('',#1897,10.);
#493=VECTOR('',#1898,10.);
#494=VECTOR('',#1899,10.);
#495=VECTOR('',#1902,10.);
#496=VECTOR('',#1903,10.);
#497=VECTOR('',#1904,10.);
#498=VECTOR('',#1907,10.);
#499=VECTOR('',#1908,10.);
#500=VECTOR('',#1909,10.);
#501=VECTOR('',#1912,10.);
#502=VECTOR('',#1913,10.);
#503=VECTOR('',#1914,10.);
#504=VECTOR('',#1917,10.);
#505=VECTOR('',#1918,10.);
#506=VECTOR('',#1919,10.);
#507=VECTOR('',#1922,10.);
#508=VECTOR('',#1923,10.);
#509=VECTOR('',#1926,10.);
#510=VECTOR('',#1927,10.);
#511=VECTOR('',#1928,10.);
#512=VECTOR('',#1931,10.);
#513=VECTOR('',#1932,10.);
#514=VECTOR('',#1933,10.);
#515=VECTOR('',#1936,10.);
#516=VECTOR('',#1937,10.);
#517=VECTOR('',#1940,10.);
#518=VECTOR('',#1941,10.);
#519=VECTOR('',#1942,10.);
#520=VECTOR('',#1945,10.);
#521=VECTOR('',#1946,10.);
#522=VECTOR('',#1949,10.);
#523=VECTOR('',#1950,10.);
#524=VECTOR('',#1953,10.);
#525=VECTOR('',#1954,10.);
#526=VECTOR('',#1957,10.);
#527=VECTOR('',#1958,10.);
#528=VECTOR('',#1961,10.);
#529=VECTOR('',#1962,10.);
#530=VECTOR('',#1967,10.);
#531=VECTOR('',#1968,10.);
#532=VECTOR('',#1969,10.);
#533=VECTOR('',#1970,10.);
#534=VECTOR('',#1971,10.);
#535=VECTOR('',#1972,10.);
#536=VECTOR('',#1975,10.);
#537=VECTOR('',#1976,10.);
#538=VECTOR('',#1979,10.);
#539=VECTOR('',#1982,10.);
#540=VECTOR('',#1987,10.);
#541=VECTOR('',#1992,10.);
#542=VECTOR('',#1993,10.);
#543=VECTOR('',#1994,10.);
#544=VECTOR('',#1995,10.);
#545=VECTOR('',#1998,10.);
#546=VECTOR('',#1999,10.);
#547=VECTOR('',#2000,10.);
#548=VECTOR('',#2001,10.);
#549=VECTOR('',#2004,10.);
#550=VECTOR('',#2005,10.);
#551=VECTOR('',#2006,10.);
#552=VECTOR('',#2009,10.);
#553=VECTOR('',#2010,10.);
#554=VECTOR('',#2011,10.);
#555=VECTOR('',#2014,10.);
#556=VECTOR('',#2015,10.);
#557=VECTOR('',#2016,10.);
#558=VECTOR('',#2019,10.);
#559=VECTOR('',#2020,10.);
#560=VECTOR('',#2021,10.);
#561=VECTOR('',#2024,10.);
#562=VECTOR('',#2025,10.);
#563=VECTOR('',#2026,10.);
#564=VECTOR('',#2029,10.);
#565=VECTOR('',#2030,10.);
#566=VECTOR('',#2031,10.);
#567=VECTOR('',#2034,10.);
#568=VECTOR('',#2035,10.);
#569=VECTOR('',#2038,10.);
#570=VECTOR('',#2039,10.);
#571=VECTOR('',#2040,10.);
#572=VECTOR('',#2043,10.);
#573=VECTOR('',#2044,10.);
#574=VECTOR('',#2045,10.);
#575=VECTOR('',#2048,10.);
#576=VECTOR('',#2049,10.);
#577=VECTOR('',#2052,10.);
#578=VECTOR('',#2053,10.);
#579=VECTOR('',#2054,10.);
#580=VECTOR('',#2057,10.);
#581=VECTOR('',#2058,10.);
#582=VECTOR('',#2061,10.);
#583=VECTOR('',#2062,10.);
#584=VECTOR('',#2065,10.);
#585=VECTOR('',#2066,10.);
#586=VECTOR('',#2069,10.);
#587=VECTOR('',#2070,10.);
#588=VECTOR('',#2073,10.);
#589=VECTOR('',#2074,10.);
#590=VECTOR('',#2079,10.);
#591=VECTOR('',#2080,10.);
#592=VECTOR('',#2081,10.);
#593=VECTOR('',#2082,10.);
#594=VECTOR('',#2083,10.);
#595=VECTOR('',#2084,10.);
#596=VECTOR('',#2087,10.);
#597=VECTOR('',#2088,10.);
#598=VECTOR('',#2091,10.);
#599=VECTOR('',#2094,10.);
#600=VECTOR('',#2099,10.);
#601=VECTOR('',#2104,10.);
#602=VECTOR('',#2105,10.);
#603=VECTOR('',#2106,10.);
#604=VECTOR('',#2109,10.);
#605=VECTOR('',#2110,10.);
#606=VECTOR('',#2111,10.);
#607=VECTOR('',#2112,10.);
#608=VECTOR('',#2115,10.);
#609=VECTOR('',#2116,10.);
#610=VECTOR('',#2117,10.);
#611=VECTOR('',#2118,10.);
#612=VECTOR('',#2121,10.);
#613=VECTOR('',#2122,10.);
#614=VECTOR('',#2123,10.);
#615=VECTOR('',#2126,10.);
#616=VECTOR('',#2127,10.);
#617=VECTOR('',#2128,10.);
#618=VECTOR('',#2131,10.);
#619=VECTOR('',#2132,10.);
#620=VECTOR('',#2133,10.);
#621=VECTOR('',#2136,10.);
#622=VECTOR('',#2137,10.);
#623=VECTOR('',#2138,10.);
#624=VECTOR('',#2141,10.);
#625=VECTOR('',#2142,10.);
#626=VECTOR('',#2143,10.);
#627=VECTOR('',#2146,10.);
#628=VECTOR('',#2147,10.);
#629=VECTOR('',#2148,10.);
#630=VECTOR('',#2151,10.);
#631=VECTOR('',#2152,10.);
#632=VECTOR('',#2155,10.);
#633=VECTOR('',#2156,10.);
#634=VECTOR('',#2157,10.);
#635=VECTOR('',#2160,10.);
#636=VECTOR('',#2161,10.);
#637=VECTOR('',#2162,10.);
#638=VECTOR('',#2165,10.);
#639=VECTOR('',#2166,10.);
#640=VECTOR('',#2169,10.);
#641=VECTOR('',#2170,10.);
#642=VECTOR('',#2171,10.);
#643=VECTOR('',#2174,10.);
#644=VECTOR('',#2175,10.);
#645=VECTOR('',#2178,10.);
#646=VECTOR('',#2179,10.);
#647=VECTOR('',#2182,10.);
#648=VECTOR('',#2183,10.);
#649=VECTOR('',#2186,10.);
#650=VECTOR('',#2187,10.);
#651=VECTOR('',#2190,10.);
#652=VECTOR('',#2191,10.);
#653=VECTOR('',#2196,10.);
#654=VECTOR('',#2197,10.);
#655=VECTOR('',#2198,10.);
#656=VECTOR('',#2199,10.);
#657=VECTOR('',#2200,10.);
#658=VECTOR('',#2201,10.);
#659=VECTOR('',#2204,10.);
#660=VECTOR('',#2205,10.);
#661=VECTOR('',#2208,10.);
#662=VECTOR('',#2211,10.);
#663=VECTOR('',#2216,10.);
#664=VECTOR('',#2221,10.);
#665=VECTOR('',#2222,10.);
#666=VECTOR('',#2225,10.);
#667=VECTOR('',#2226,10.);
#668=VECTOR('',#2227,10.);
#669=VECTOR('',#2230,10.);
#670=VECTOR('',#2231,10.);
#671=VECTOR('',#2234,10.);
#672=VECTOR('',#2235,10.);
#673=VECTOR('',#2236,10.);
#674=VECTOR('',#2237,10.);
#675=VECTOR('',#2246,10.);
#676=VECTOR('',#2247,10.);
#677=VECTOR('',#2250,10.);
#678=VECTOR('',#2259,10.);
#679=VECTOR('',#2262,10.);
#680=VECTOR('',#2263,10.);
#681=VECTOR('',#2264,10.);
#682=VECTOR('',#2267,10.);
#683=VECTOR('',#2268,10.);
#684=VECTOR('',#2269,10.);
#685=VECTOR('',#2272,10.);
#686=VECTOR('',#2273,10.);
#687=VECTOR('',#2274,10.);
#688=VECTOR('',#2277,10.);
#689=VECTOR('',#2278,10.);
#690=VERTEX_POINT('',#2285);
#691=VERTEX_POINT('',#2286);
#692=VERTEX_POINT('',#2288);
#693=VERTEX_POINT('',#2290);
#694=VERTEX_POINT('',#2294);
#695=VERTEX_POINT('',#2295);
#696=VERTEX_POINT('',#2297);
#697=VERTEX_POINT('',#2299);
#698=VERTEX_POINT('',#2303);
#699=VERTEX_POINT('',#2305);
#700=VERTEX_POINT('',#2309);
#701=VERTEX_POINT('',#2311);
#702=VERTEX_POINT('',#2315);
#703=VERTEX_POINT('',#2317);
#704=VERTEX_POINT('',#2321);
#705=VERTEX_POINT('',#2323);
#706=VERTEX_POINT('',#2327);
#707=VERTEX_POINT('',#2328);
#708=VERTEX_POINT('',#2330);
#709=VERTEX_POINT('',#2332);
#710=VERTEX_POINT('',#2336);
#711=VERTEX_POINT('',#2337);
#712=VERTEX_POINT('',#2339);
#713=VERTEX_POINT('',#2341);
#714=VERTEX_POINT('',#2345);
#715=VERTEX_POINT('',#2347);
#716=VERTEX_POINT('',#2351);
#717=VERTEX_POINT('',#2353);
#718=VERTEX_POINT('',#2357);
#719=VERTEX_POINT('',#2359);
#720=VERTEX_POINT('',#2363);
#721=VERTEX_POINT('',#2365);
#722=VERTEX_POINT('',#2369);
#723=VERTEX_POINT('',#2371);
#724=VERTEX_POINT('',#2375);
#725=VERTEX_POINT('',#2377);
#726=VERTEX_POINT('',#2384);
#727=VERTEX_POINT('',#2386);
#728=VERTEX_POINT('',#2390);
#729=VERTEX_POINT('',#2392);
#730=VERTEX_POINT('',#2399);
#731=VERTEX_POINT('',#2401);
#732=VERTEX_POINT('',#2405);
#733=VERTEX_POINT('',#2409);
#734=VERTEX_POINT('',#2413);
#735=VERTEX_POINT('',#2417);
#736=VERTEX_POINT('',#2421);
#737=VERTEX_POINT('',#2426);
#738=VERTEX_POINT('',#2428);
#739=VERTEX_POINT('',#2430);
#740=VERTEX_POINT('',#2432);
#741=VERTEX_POINT('',#2434);
#742=VERTEX_POINT('',#2449);
#743=VERTEX_POINT('',#2450);
#744=VERTEX_POINT('',#2452);
#745=VERTEX_POINT('',#2454);
#746=VERTEX_POINT('',#2458);
#747=VERTEX_POINT('',#2459);
#748=VERTEX_POINT('',#2461);
#749=VERTEX_POINT('',#2463);
#750=VERTEX_POINT('',#2467);
#751=VERTEX_POINT('',#2469);
#752=VERTEX_POINT('',#2473);
#753=VERTEX_POINT('',#2475);
#754=VERTEX_POINT('',#2479);
#755=VERTEX_POINT('',#2481);
#756=VERTEX_POINT('',#2485);
#757=VERTEX_POINT('',#2487);
#758=VERTEX_POINT('',#2491);
#759=VERTEX_POINT('',#2493);
#760=VERTEX_POINT('',#2497);
#761=VERTEX_POINT('',#2499);
#762=VERTEX_POINT('',#2506);
#763=VERTEX_POINT('',#2508);
#764=VERTEX_POINT('',#2512);
#765=VERTEX_POINT('',#2514);
#766=VERTEX_POINT('',#2521);
#767=VERTEX_POINT('',#2523);
#768=VERTEX_POINT('',#2527);
#769=VERTEX_POINT('',#2531);
#770=VERTEX_POINT('',#2535);
#771=VERTEX_POINT('',#2539);
#772=VERTEX_POINT('',#2543);
#773=VERTEX_POINT('',#2548);
#774=VERTEX_POINT('',#2550);
#775=VERTEX_POINT('',#2552);
#776=VERTEX_POINT('',#2554);
#777=VERTEX_POINT('',#2556);
#778=VERTEX_POINT('',#2571);
#779=VERTEX_POINT('',#2573);
#780=VERTEX_POINT('',#2577);
#781=VERTEX_POINT('',#2578);
#782=VERTEX_POINT('',#2580);
#783=VERTEX_POINT('',#2582);
#784=VERTEX_POINT('',#2586);
#785=VERTEX_POINT('',#2587);
#786=VERTEX_POINT('',#2589);
#787=VERTEX_POINT('',#2591);
#788=VERTEX_POINT('',#2595);
#789=VERTEX_POINT('',#2597);
#790=VERTEX_POINT('',#2601);
#791=VERTEX_POINT('',#2603);
#792=VERTEX_POINT('',#2607);
#793=VERTEX_POINT('',#2609);
#794=VERTEX_POINT('',#2613);
#795=VERTEX_POINT('',#2615);
#796=VERTEX_POINT('',#2619);
#797=VERTEX_POINT('',#2621);
#798=VERTEX_POINT('',#2625);
#799=VERTEX_POINT('',#2627);
#800=VERTEX_POINT('',#2634);
#801=VERTEX_POINT('',#2636);
#802=VERTEX_POINT('',#2640);
#803=VERTEX_POINT('',#2642);
#804=VERTEX_POINT('',#2649);
#805=VERTEX_POINT('',#2651);
#806=VERTEX_POINT('',#2655);
#807=VERTEX_POINT('',#2659);
#808=VERTEX_POINT('',#2663);
#809=VERTEX_POINT('',#2667);
#810=VERTEX_POINT('',#2671);
#811=VERTEX_POINT('',#2676);
#812=VERTEX_POINT('',#2678);
#813=VERTEX_POINT('',#2680);
#814=VERTEX_POINT('',#2682);
#815=VERTEX_POINT('',#2684);
#816=VERTEX_POINT('',#2702);
#817=VERTEX_POINT('',#2704);
#818=VERTEX_POINT('',#2708);
#819=VERTEX_POINT('',#2712);
#820=VERTEX_POINT('',#2713);
#821=VERTEX_POINT('',#2715);
#822=VERTEX_POINT('',#2717);
#823=VERTEX_POINT('',#2724);
#824=VERTEX_POINT('',#2731);
#825=VERTEX_POINT('',#2733);
#826=VERTEX_POINT('',#2737);
#827=VERTEX_POINT('',#2739);
#828=VERTEX_POINT('',#2743);
#829=VERTEX_POINT('',#2745);
#830=VERTEX_POINT('',#2749);
#831=VERTEX_POINT('',#2751);
#832=EDGE_CURVE('',#690,#691,#244,.T.);
#833=EDGE_CURVE('',#691,#692,#245,.T.);
#834=EDGE_CURVE('',#693,#692,#246,.T.);
#835=EDGE_CURVE('',#690,#693,#247,.T.);
#836=EDGE_CURVE('',#694,#695,#248,.T.);
#837=EDGE_CURVE('',#696,#694,#249,.T.);
#838=EDGE_CURVE('',#697,#696,#250,.T.);
#839=EDGE_CURVE('',#697,#695,#251,.T.);
#840=EDGE_CURVE('',#698,#694,#252,.T.);
#841=EDGE_CURVE('',#699,#698,#253,.T.);
#842=EDGE_CURVE('',#696,#699,#254,.T.);
#843=EDGE_CURVE('',#700,#700,#22,.T.);
#844=EDGE_CURVE('',#700,#701,#255,.T.);
#845=EDGE_CURVE('',#701,#701,#23,.T.);
#846=EDGE_CURVE('',#702,#702,#24,.T.);
#847=EDGE_CURVE('',#702,#703,#256,.T.);
#848=EDGE_CURVE('',#703,#703,#25,.T.);
#849=EDGE_CURVE('',#704,#704,#26,.T.);
#850=EDGE_CURVE('',#704,#705,#257,.T.);
#851=EDGE_CURVE('',#705,#705,#27,.T.);
#852=EDGE_CURVE('',#706,#707,#258,.T.);
#853=EDGE_CURVE('',#707,#708,#259,.T.);
#854=EDGE_CURVE('',#708,#709,#260,.F.);
#855=EDGE_CURVE('',#706,#709,#261,.T.);
#856=EDGE_CURVE('',#710,#711,#262,.T.);
#857=EDGE_CURVE('',#711,#712,#263,.T.);
#858=EDGE_CURVE('',#712,#713,#264,.F.);
#859=EDGE_CURVE('',#713,#710,#265,.T.);
#860=EDGE_CURVE('',#711,#714,#266,.T.);
#861=EDGE_CURVE('',#714,#715,#267,.T.);
#862=EDGE_CURVE('',#715,#712,#268,.F.);
#863=EDGE_CURVE('',#714,#716,#269,.T.);
#864=EDGE_CURVE('',#716,#717,#270,.T.);
#865=EDGE_CURVE('',#717,#715,#271,.F.);
#866=EDGE_CURVE('',#718,#717,#272,.F.);
#867=EDGE_CURVE('',#716,#719,#273,.T.);
#868=EDGE_CURVE('',#719,#718,#274,.T.);
#869=EDGE_CURVE('',#720,#718,#275,.F.);
#870=EDGE_CURVE('',#719,#721,#276,.T.);
#871=EDGE_CURVE('',#721,#720,#277,.T.);
#872=EDGE_CURVE('',#722,#720,#278,.F.);
#873=EDGE_CURVE('',#721,#723,#279,.T.);
#874=EDGE_CURVE('',#723,#722,#280,.T.);
#875=EDGE_CURVE('',#724,#722,#281,.F.);
#876=EDGE_CURVE('',#723,#725,#282,.T.);
#877=EDGE_CURVE('',#725,#724,#283,.T.);
#878=EDGE_CURVE('',#707,#710,#284,.T.);
#879=EDGE_CURVE('',#713,#708,#285,.F.);
#880=EDGE_CURVE('',#726,#724,#286,.F.);
#881=EDGE_CURVE('',#725,#727,#287,.T.);
#882=EDGE_CURVE('',#727,#726,#288,.T.);
#883=EDGE_CURVE('',#728,#726,#289,.F.);
#884=EDGE_CURVE('',#727,#729,#290,.T.);
#885=EDGE_CURVE('',#729,#728,#291,.T.);
#886=EDGE_CURVE('',#709,#728,#292,.F.);
#887=EDGE_CURVE('',#729,#706,#293,.T.);
#888=EDGE_CURVE('',#726,#730,#294,.T.);
#889=EDGE_CURVE('',#730,#731,#295,.F.);
#890=EDGE_CURVE('',#724,#731,#296,.F.);
#891=EDGE_CURVE('',#728,#732,#297,.F.);
#892=EDGE_CURVE('',#732,#730,#298,.F.);
#893=EDGE_CURVE('',#709,#733,#299,.F.);
#894=EDGE_CURVE('',#733,#732,#300,.F.);
#895=EDGE_CURVE('',#708,#734,#301,.T.);
#896=EDGE_CURVE('',#734,#733,#302,.F.);
#897=EDGE_CURVE('',#713,#735,#303,.F.);
#898=EDGE_CURVE('',#735,#734,#304,.F.);
#899=EDGE_CURVE('',#712,#736,#305,.T.);
#900=EDGE_CURVE('',#736,#735,#306,.F.);
#901=EDGE_CURVE('',#737,#736,#307,.F.);
#902=EDGE_CURVE('',#738,#737,#308,.F.);
#903=EDGE_CURVE('',#739,#738,#309,.F.);
#904=EDGE_CURVE('',#740,#739,#310,.F.);
#905=EDGE_CURVE('',#741,#740,#311,.F.);
#906=EDGE_CURVE('',#731,#741,#312,.F.);
#907=EDGE_CURVE('',#720,#740,#313,.T.);
#908=EDGE_CURVE('',#718,#739,#314,.F.);
#909=EDGE_CURVE('',#717,#738,#315,.F.);
#910=EDGE_CURVE('',#715,#737,#316,.T.);
#911=EDGE_CURVE('',#722,#741,#317,.F.);
#912=EDGE_CURVE('',#742,#743,#318,.T.);
#913=EDGE_CURVE('',#743,#744,#319,.T.);
#914=EDGE_CURVE('',#744,#745,#320,.F.);
#915=EDGE_CURVE('',#742,#745,#321,.T.);
#916=EDGE_CURVE('',#746,#747,#322,.T.);
#917=EDGE_CURVE('',#747,#748,#323,.T.);
#918=EDGE_CURVE('',#748,#749,#324,.F.);
#919=EDGE_CURVE('',#749,#746,#325,.T.);
#920=EDGE_CURVE('',#747,#750,#326,.T.);
#921=EDGE_CURVE('',#750,#751,#327,.T.);
#922=EDGE_CURVE('',#751,#748,#328,.F.);
#923=EDGE_CURVE('',#750,#752,#329,.T.);
#924=EDGE_CURVE('',#752,#753,#330,.T.);
#925=EDGE_CURVE('',#753,#751,#331,.F.);
#926=EDGE_CURVE('',#754,#753,#332,.F.);
#927=EDGE_CURVE('',#752,#755,#333,.T.);
#928=EDGE_CURVE('',#755,#754,#334,.T.);
#929=EDGE_CURVE('',#756,#754,#335,.F.);
#930=EDGE_CURVE('',#755,#757,#336,.T.);
#931=EDGE_CURVE('',#757,#756,#337,.T.);
#932=EDGE_CURVE('',#758,#756,#338,.F.);
#933=EDGE_CURVE('',#757,#759,#339,.T.);
#934=EDGE_CURVE('',#759,#758,#340,.T.);
#935=EDGE_CURVE('',#760,#758,#341,.F.);
#936=EDGE_CURVE('',#759,#761,#342,.T.);
#937=EDGE_CURVE('',#761,#760,#343,.T.);
#938=EDGE_CURVE('',#743,#746,#344,.T.);
#939=EDGE_CURVE('',#749,#744,#345,.F.);
#940=EDGE_CURVE('',#762,#760,#346,.F.);
#941=EDGE_CURVE('',#761,#763,#347,.T.);
#942=EDGE_CURVE('',#763,#762,#348,.T.);
#943=EDGE_CURVE('',#764,#762,#349,.F.);
#944=EDGE_CURVE('',#763,#765,#350,.T.);
#945=EDGE_CURVE('',#765,#764,#351,.T.);
#946=EDGE_CURVE('',#745,#764,#352,.F.);
#947=EDGE_CURVE('',#765,#742,#353,.T.);
#948=EDGE_CURVE('',#762,#766,#354,.T.);
#949=EDGE_CURVE('',#766,#767,#355,.F.);
#950=EDGE_CURVE('',#760,#767,#356,.F.);
#951=EDGE_CURVE('',#764,#768,#357,.F.);
#952=EDGE_CURVE('',#768,#766,#358,.F.);
#953=EDGE_CURVE('',#745,#769,#359,.F.);
#954=EDGE_CURVE('',#769,#768,#360,.F.);
#955=EDGE_CURVE('',#744,#770,#361,.T.);
#956=EDGE_CURVE('',#770,#769,#362,.F.);
#957=EDGE_CURVE('',#749,#771,#363,.F.);
#958=EDGE_CURVE('',#771,#770,#364,.F.);
#959=EDGE_CURVE('',#748,#772,#365,.F.);
#960=EDGE_CURVE('',#772,#771,#366,.F.);
#961=EDGE_CURVE('',#773,#772,#367,.F.);
#962=EDGE_CURVE('',#774,#773,#368,.F.);
#963=EDGE_CURVE('',#775,#774,#369,.F.);
#964=EDGE_CURVE('',#776,#775,#370,.F.);
#965=EDGE_CURVE('',#777,#776,#371,.F.);
#966=EDGE_CURVE('',#767,#777,#372,.F.);
#967=EDGE_CURVE('',#756,#776,#373,.T.);
#968=EDGE_CURVE('',#754,#775,#374,.F.);
#969=EDGE_CURVE('',#753,#774,#375,.F.);
#970=EDGE_CURVE('',#751,#773,#376,.T.);
#971=EDGE_CURVE('',#758,#777,#377,.F.);
#972=EDGE_CURVE('',#695,#778,#378,.T.);
#973=EDGE_CURVE('',#779,#697,#379,.T.);
#974=EDGE_CURVE('',#779,#778,#380,.T.);
#975=EDGE_CURVE('',#780,#781,#381,.T.);
#976=EDGE_CURVE('',#781,#782,#382,.T.);
#977=EDGE_CURVE('',#782,#783,#383,.F.);
#978=EDGE_CURVE('',#780,#783,#384,.T.);
#979=EDGE_CURVE('',#784,#785,#385,.T.);
#980=EDGE_CURVE('',#785,#786,#386,.T.);
#981=EDGE_CURVE('',#786,#787,#387,.F.);
#982=EDGE_CURVE('',#787,#784,#388,.T.);
#983=EDGE_CURVE('',#785,#788,#389,.T.);
#984=EDGE_CURVE('',#788,#789,#390,.T.);
#985=EDGE_CURVE('',#789,#786,#391,.F.);
#986=EDGE_CURVE('',#788,#790,#392,.T.);
#987=EDGE_CURVE('',#790,#791,#393,.T.);
#988=EDGE_CURVE('',#791,#789,#394,.F.);
#989=EDGE_CURVE('',#792,#791,#395,.F.);
#990=EDGE_CURVE('',#790,#793,#396,.T.);
#991=EDGE_CURVE('',#793,#792,#397,.T.);
#992=EDGE_CURVE('',#794,#792,#398,.F.);
#993=EDGE_CURVE('',#793,#795,#399,.T.);
#994=EDGE_CURVE('',#795,#794,#400,.T.);
#995=EDGE_CURVE('',#796,#794,#401,.F.);
#996=EDGE_CURVE('',#795,#797,#402,.T.);
#997=EDGE_CURVE('',#797,#796,#403,.T.);
#998=EDGE_CURVE('',#798,#796,#404,.F.);
#999=EDGE_CURVE('',#797,#799,#405,.T.);
#1000=EDGE_CURVE('',#799,#798,#406,.T.);
#1001=EDGE_CURVE('',#781,#784,#407,.T.);
#1002=EDGE_CURVE('',#787,#782,#408,.F.);
#1003=EDGE_CURVE('',#800,#798,#409,.F.);
#1004=EDGE_CURVE('',#799,#801,#410,.T.);
#1005=EDGE_CURVE('',#801,#800,#411,.T.);
#1006=EDGE_CURVE('',#802,#800,#412,.F.);
#1007=EDGE_CURVE('',#801,#803,#413,.T.);
#1008=EDGE_CURVE('',#803,#802,#414,.T.);
#1009=EDGE_CURVE('',#783,#802,#415,.F.);
#1010=EDGE_CURVE('',#803,#780,#416,.T.);
#1011=EDGE_CURVE('',#800,#804,#417,.T.);
#1012=EDGE_CURVE('',#804,#805,#418,.F.);
#1013=EDGE_CURVE('',#798,#805,#419,.F.);
#1014=EDGE_CURVE('',#802,#806,#420,.F.);
#1015=EDGE_CURVE('',#806,#804,#421,.F.);
#1016=EDGE_CURVE('',#783,#807,#422,.F.);
#1017=EDGE_CURVE('',#807,#806,#423,.F.);
#1018=EDGE_CURVE('',#782,#808,#424,.T.);
#1019=EDGE_CURVE('',#808,#807,#425,.F.);
#1020=EDGE_CURVE('',#787,#809,#426,.F.);
#1021=EDGE_CURVE('',#809,#808,#427,.F.);
#1022=EDGE_CURVE('',#786,#810,#428,.T.);
#1023=EDGE_CURVE('',#810,#809,#429,.F.);
#1024=EDGE_CURVE('',#811,#810,#430,.F.);
#1025=EDGE_CURVE('',#812,#811,#431,.F.);
#1026=EDGE_CURVE('',#813,#812,#432,.F.);
#1027=EDGE_CURVE('',#814,#813,#433,.F.);
#1028=EDGE_CURVE('',#815,#814,#434,.F.);
#1029=EDGE_CURVE('',#805,#815,#435,.F.);
#1030=EDGE_CURVE('',#794,#814,#436,.T.);
#1031=EDGE_CURVE('',#792,#813,#437,.T.);
#1032=EDGE_CURVE('',#791,#812,#438,.F.);
#1033=EDGE_CURVE('',#789,#811,#439,.T.);
#1034=EDGE_CURVE('',#796,#815,#440,.F.);
#1035=EDGE_CURVE('',#778,#698,#441,.T.);
#1036=EDGE_CURVE('',#699,#779,#442,.T.);
#1037=EDGE_CURVE('',#816,#697,#443,.T.);
#1038=EDGE_CURVE('',#817,#816,#444,.T.);
#1039=EDGE_CURVE('',#817,#779,#445,.T.);
#1040=EDGE_CURVE('',#818,#696,#446,.T.);
#1041=EDGE_CURVE('',#816,#818,#447,.T.);
#1042=EDGE_CURVE('',#819,#820,#448,.T.);
#1043=EDGE_CURVE('',#819,#821,#449,.T.);
#1044=EDGE_CURVE('',#821,#822,#450,.T.);
#1045=EDGE_CURVE('',#820,#822,#451,.T.);
#1046=EDGE_CURVE('',#821,#690,#28,.T.);
#1047=EDGE_CURVE('',#822,#693,#29,.T.);
#1048=EDGE_CURVE('',#823,#699,#452,.T.);
#1049=EDGE_CURVE('',#818,#823,#453,.T.);
#1050=EDGE_CURVE('',#823,#817,#454,.T.);
#1051=EDGE_CURVE('',#824,#819,#30,.T.);
#1052=EDGE_CURVE('',#825,#820,#31,.T.);
#1053=EDGE_CURVE('',#824,#825,#455,.T.);
#1054=EDGE_CURVE('',#826,#824,#456,.T.);
#1055=EDGE_CURVE('',#827,#825,#457,.T.);
#1056=EDGE_CURVE('',#826,#827,#458,.T.);
#1057=EDGE_CURVE('',#828,#826,#459,.T.);
#1058=EDGE_CURVE('',#829,#827,#460,.T.);
#1059=EDGE_CURVE('',#828,#829,#461,.T.);
#1060=EDGE_CURVE('',#830,#828,#462,.T.);
#1061=EDGE_CURVE('',#831,#829,#463,.T.);
#1062=EDGE_CURVE('',#830,#831,#464,.T.);
#1063=EDGE_CURVE('',#691,#830,#465,.T.);
#1064=EDGE_CURVE('',#692,#831,#466,.T.);
#1065=ORIENTED_EDGE('',*,*,#832,.T.);
#1066=ORIENTED_EDGE('',*,*,#833,.T.);
#1067=ORIENTED_EDGE('',*,*,#834,.F.);
#1068=ORIENTED_EDGE('',*,*,#835,.F.);
#1069=ORIENTED_EDGE('',*,*,#836,.F.);
#1070=ORIENTED_EDGE('',*,*,#837,.F.);
#1071=ORIENTED_EDGE('',*,*,#838,.F.);
#1072=ORIENTED_EDGE('',*,*,#839,.T.);
#1073=ORIENTED_EDGE('',*,*,#840,.F.);
#1074=ORIENTED_EDGE('',*,*,#841,.F.);
#1075=ORIENTED_EDGE('',*,*,#842,.F.);
#1076=ORIENTED_EDGE('',*,*,#837,.T.);
#1077=ORIENTED_EDGE('',*,*,#843,.F.);
#1078=ORIENTED_EDGE('',*,*,#844,.T.);
#1079=ORIENTED_EDGE('',*,*,#845,.T.);
#1080=ORIENTED_EDGE('',*,*,#844,.F.);
#1081=ORIENTED_EDGE('',*,*,#846,.F.);
#1082=ORIENTED_EDGE('',*,*,#847,.T.);
#1083=ORIENTED_EDGE('',*,*,#848,.T.);
#1084=ORIENTED_EDGE('',*,*,#847,.F.);
#1085=ORIENTED_EDGE('',*,*,#849,.F.);
#1086=ORIENTED_EDGE('',*,*,#850,.T.);
#1087=ORIENTED_EDGE('',*,*,#851,.T.);
#1088=ORIENTED_EDGE('',*,*,#850,.F.);
#1089=ORIENTED_EDGE('',*,*,#852,.T.);
#1090=ORIENTED_EDGE('',*,*,#853,.T.);
#1091=ORIENTED_EDGE('',*,*,#854,.T.);
#1092=ORIENTED_EDGE('',*,*,#855,.F.);
#1093=ORIENTED_EDGE('',*,*,#856,.T.);
#1094=ORIENTED_EDGE('',*,*,#857,.T.);
#1095=ORIENTED_EDGE('',*,*,#858,.T.);
#1096=ORIENTED_EDGE('',*,*,#859,.T.);
#1097=ORIENTED_EDGE('',*,*,#860,.T.);
#1098=ORIENTED_EDGE('',*,*,#861,.T.);
#1099=ORIENTED_EDGE('',*,*,#862,.T.);
#1100=ORIENTED_EDGE('',*,*,#857,.F.);
#1101=ORIENTED_EDGE('',*,*,#863,.T.);
#1102=ORIENTED_EDGE('',*,*,#864,.T.);
#1103=ORIENTED_EDGE('',*,*,#865,.T.);
#1104=ORIENTED_EDGE('',*,*,#861,.F.);
#1105=ORIENTED_EDGE('',*,*,#866,.T.);
#1106=ORIENTED_EDGE('',*,*,#864,.F.);
#1107=ORIENTED_EDGE('',*,*,#867,.T.);
#1108=ORIENTED_EDGE('',*,*,#868,.T.);
#1109=ORIENTED_EDGE('',*,*,#869,.T.);
#1110=ORIENTED_EDGE('',*,*,#868,.F.);
#1111=ORIENTED_EDGE('',*,*,#870,.T.);
#1112=ORIENTED_EDGE('',*,*,#871,.T.);
#1113=ORIENTED_EDGE('',*,*,#872,.T.);
#1114=ORIENTED_EDGE('',*,*,#871,.F.);
#1115=ORIENTED_EDGE('',*,*,#873,.T.);
#1116=ORIENTED_EDGE('',*,*,#874,.T.);
#1117=ORIENTED_EDGE('',*,*,#875,.T.);
#1118=ORIENTED_EDGE('',*,*,#874,.F.);
#1119=ORIENTED_EDGE('',*,*,#876,.T.);
#1120=ORIENTED_EDGE('',*,*,#877,.T.);
#1121=ORIENTED_EDGE('',*,*,#878,.T.);
#1122=ORIENTED_EDGE('',*,*,#859,.F.);
#1123=ORIENTED_EDGE('',*,*,#879,.T.);
#1124=ORIENTED_EDGE('',*,*,#853,.F.);
#1125=ORIENTED_EDGE('',*,*,#880,.T.);
#1126=ORIENTED_EDGE('',*,*,#877,.F.);
#1127=ORIENTED_EDGE('',*,*,#881,.T.);
#1128=ORIENTED_EDGE('',*,*,#882,.T.);
#1129=ORIENTED_EDGE('',*,*,#883,.T.);
#1130=ORIENTED_EDGE('',*,*,#882,.F.);
#1131=ORIENTED_EDGE('',*,*,#884,.T.);
#1132=ORIENTED_EDGE('',*,*,#885,.T.);
#1133=ORIENTED_EDGE('',*,*,#886,.T.);
#1134=ORIENTED_EDGE('',*,*,#885,.F.);
#1135=ORIENTED_EDGE('',*,*,#887,.T.);
#1136=ORIENTED_EDGE('',*,*,#855,.T.);
#1137=ORIENTED_EDGE('',*,*,#880,.F.);
#1138=ORIENTED_EDGE('',*,*,#888,.T.);
#1139=ORIENTED_EDGE('',*,*,#889,.T.);
#1140=ORIENTED_EDGE('',*,*,#890,.F.);
#1141=ORIENTED_EDGE('',*,*,#883,.F.);
#1142=ORIENTED_EDGE('',*,*,#891,.T.);
#1143=ORIENTED_EDGE('',*,*,#892,.T.);
#1144=ORIENTED_EDGE('',*,*,#888,.F.);
#1145=ORIENTED_EDGE('',*,*,#886,.F.);
#1146=ORIENTED_EDGE('',*,*,#893,.T.);
#1147=ORIENTED_EDGE('',*,*,#894,.T.);
#1148=ORIENTED_EDGE('',*,*,#891,.F.);
#1149=ORIENTED_EDGE('',*,*,#854,.F.);
#1150=ORIENTED_EDGE('',*,*,#895,.T.);
#1151=ORIENTED_EDGE('',*,*,#896,.T.);
#1152=ORIENTED_EDGE('',*,*,#893,.F.);
#1153=ORIENTED_EDGE('',*,*,#879,.F.);
#1154=ORIENTED_EDGE('',*,*,#897,.T.);
#1155=ORIENTED_EDGE('',*,*,#898,.T.);
#1156=ORIENTED_EDGE('',*,*,#895,.F.);
#1157=ORIENTED_EDGE('',*,*,#858,.F.);
#1158=ORIENTED_EDGE('',*,*,#899,.T.);
#1159=ORIENTED_EDGE('',*,*,#900,.T.);
#1160=ORIENTED_EDGE('',*,*,#897,.F.);
#1161=ORIENTED_EDGE('',*,*,#845,.F.);
#1162=ORIENTED_EDGE('',*,*,#856,.F.);
#1163=ORIENTED_EDGE('',*,*,#878,.F.);
#1164=ORIENTED_EDGE('',*,*,#852,.F.);
#1165=ORIENTED_EDGE('',*,*,#887,.F.);
#1166=ORIENTED_EDGE('',*,*,#884,.F.);
#1167=ORIENTED_EDGE('',*,*,#881,.F.);
#1168=ORIENTED_EDGE('',*,*,#876,.F.);
#1169=ORIENTED_EDGE('',*,*,#873,.F.);
#1170=ORIENTED_EDGE('',*,*,#870,.F.);
#1171=ORIENTED_EDGE('',*,*,#867,.F.);
#1172=ORIENTED_EDGE('',*,*,#863,.F.);
#1173=ORIENTED_EDGE('',*,*,#860,.F.);
#1174=ORIENTED_EDGE('',*,*,#896,.F.);
#1175=ORIENTED_EDGE('',*,*,#898,.F.);
#1176=ORIENTED_EDGE('',*,*,#900,.F.);
#1177=ORIENTED_EDGE('',*,*,#901,.F.);
#1178=ORIENTED_EDGE('',*,*,#902,.F.);
#1179=ORIENTED_EDGE('',*,*,#903,.F.);
#1180=ORIENTED_EDGE('',*,*,#904,.F.);
#1181=ORIENTED_EDGE('',*,*,#905,.F.);
#1182=ORIENTED_EDGE('',*,*,#906,.F.);
#1183=ORIENTED_EDGE('',*,*,#889,.F.);
#1184=ORIENTED_EDGE('',*,*,#892,.F.);
#1185=ORIENTED_EDGE('',*,*,#894,.F.);
#1186=ORIENTED_EDGE('',*,*,#869,.F.);
#1187=ORIENTED_EDGE('',*,*,#907,.T.);
#1188=ORIENTED_EDGE('',*,*,#904,.T.);
#1189=ORIENTED_EDGE('',*,*,#908,.F.);
#1190=ORIENTED_EDGE('',*,*,#866,.F.);
#1191=ORIENTED_EDGE('',*,*,#908,.T.);
#1192=ORIENTED_EDGE('',*,*,#903,.T.);
#1193=ORIENTED_EDGE('',*,*,#909,.F.);
#1194=ORIENTED_EDGE('',*,*,#865,.F.);
#1195=ORIENTED_EDGE('',*,*,#909,.T.);
#1196=ORIENTED_EDGE('',*,*,#902,.T.);
#1197=ORIENTED_EDGE('',*,*,#910,.F.);
#1198=ORIENTED_EDGE('',*,*,#862,.F.);
#1199=ORIENTED_EDGE('',*,*,#910,.T.);
#1200=ORIENTED_EDGE('',*,*,#901,.T.);
#1201=ORIENTED_EDGE('',*,*,#899,.F.);
#1202=ORIENTED_EDGE('',*,*,#875,.F.);
#1203=ORIENTED_EDGE('',*,*,#890,.T.);
#1204=ORIENTED_EDGE('',*,*,#906,.T.);
#1205=ORIENTED_EDGE('',*,*,#911,.F.);
#1206=ORIENTED_EDGE('',*,*,#872,.F.);
#1207=ORIENTED_EDGE('',*,*,#911,.T.);
#1208=ORIENTED_EDGE('',*,*,#905,.T.);
#1209=ORIENTED_EDGE('',*,*,#907,.F.);
#1210=ORIENTED_EDGE('',*,*,#912,.T.);
#1211=ORIENTED_EDGE('',*,*,#913,.T.);
#1212=ORIENTED_EDGE('',*,*,#914,.T.);
#1213=ORIENTED_EDGE('',*,*,#915,.F.);
#1214=ORIENTED_EDGE('',*,*,#916,.T.);
#1215=ORIENTED_EDGE('',*,*,#917,.T.);
#1216=ORIENTED_EDGE('',*,*,#918,.T.);
#1217=ORIENTED_EDGE('',*,*,#919,.T.);
#1218=ORIENTED_EDGE('',*,*,#920,.T.);
#1219=ORIENTED_EDGE('',*,*,#921,.T.);
#1220=ORIENTED_EDGE('',*,*,#922,.T.);
#1221=ORIENTED_EDGE('',*,*,#917,.F.);
#1222=ORIENTED_EDGE('',*,*,#923,.T.);
#1223=ORIENTED_EDGE('',*,*,#924,.T.);
#1224=ORIENTED_EDGE('',*,*,#925,.T.);
#1225=ORIENTED_EDGE('',*,*,#921,.F.);
#1226=ORIENTED_EDGE('',*,*,#926,.T.);
#1227=ORIENTED_EDGE('',*,*,#924,.F.);
#1228=ORIENTED_EDGE('',*,*,#927,.T.);
#1229=ORIENTED_EDGE('',*,*,#928,.T.);
#1230=ORIENTED_EDGE('',*,*,#929,.T.);
#1231=ORIENTED_EDGE('',*,*,#928,.F.);
#1232=ORIENTED_EDGE('',*,*,#930,.T.);
#1233=ORIENTED_EDGE('',*,*,#931,.T.);
#1234=ORIENTED_EDGE('',*,*,#932,.T.);
#1235=ORIENTED_EDGE('',*,*,#931,.F.);
#1236=ORIENTED_EDGE('',*,*,#933,.T.);
#1237=ORIENTED_EDGE('',*,*,#934,.T.);
#1238=ORIENTED_EDGE('',*,*,#935,.T.);
#1239=ORIENTED_EDGE('',*,*,#934,.F.);
#1240=ORIENTED_EDGE('',*,*,#936,.T.);
#1241=ORIENTED_EDGE('',*,*,#937,.T.);
#1242=ORIENTED_EDGE('',*,*,#938,.T.);
#1243=ORIENTED_EDGE('',*,*,#919,.F.);
#1244=ORIENTED_EDGE('',*,*,#939,.T.);
#1245=ORIENTED_EDGE('',*,*,#913,.F.);
#1246=ORIENTED_EDGE('',*,*,#940,.T.);
#1247=ORIENTED_EDGE('',*,*,#937,.F.);
#1248=ORIENTED_EDGE('',*,*,#941,.T.);
#1249=ORIENTED_EDGE('',*,*,#942,.T.);
#1250=ORIENTED_EDGE('',*,*,#943,.T.);
#1251=ORIENTED_EDGE('',*,*,#942,.F.);
#1252=ORIENTED_EDGE('',*,*,#944,.T.);
#1253=ORIENTED_EDGE('',*,*,#945,.T.);
#1254=ORIENTED_EDGE('',*,*,#946,.T.);
#1255=ORIENTED_EDGE('',*,*,#945,.F.);
#1256=ORIENTED_EDGE('',*,*,#947,.T.);
#1257=ORIENTED_EDGE('',*,*,#915,.T.);
#1258=ORIENTED_EDGE('',*,*,#940,.F.);
#1259=ORIENTED_EDGE('',*,*,#948,.T.);
#1260=ORIENTED_EDGE('',*,*,#949,.T.);
#1261=ORIENTED_EDGE('',*,*,#950,.F.);
#1262=ORIENTED_EDGE('',*,*,#943,.F.);
#1263=ORIENTED_EDGE('',*,*,#951,.T.);
#1264=ORIENTED_EDGE('',*,*,#952,.T.);
#1265=ORIENTED_EDGE('',*,*,#948,.F.);
#1266=ORIENTED_EDGE('',*,*,#946,.F.);
#1267=ORIENTED_EDGE('',*,*,#953,.T.);
#1268=ORIENTED_EDGE('',*,*,#954,.T.);
#1269=ORIENTED_EDGE('',*,*,#951,.F.);
#1270=ORIENTED_EDGE('',*,*,#914,.F.);
#1271=ORIENTED_EDGE('',*,*,#955,.T.);
#1272=ORIENTED_EDGE('',*,*,#956,.T.);
#1273=ORIENTED_EDGE('',*,*,#953,.F.);
#1274=ORIENTED_EDGE('',*,*,#939,.F.);
#1275=ORIENTED_EDGE('',*,*,#957,.T.);
#1276=ORIENTED_EDGE('',*,*,#958,.T.);
#1277=ORIENTED_EDGE('',*,*,#955,.F.);
#1278=ORIENTED_EDGE('',*,*,#918,.F.);
#1279=ORIENTED_EDGE('',*,*,#959,.T.);
#1280=ORIENTED_EDGE('',*,*,#960,.T.);
#1281=ORIENTED_EDGE('',*,*,#957,.F.);
#1282=ORIENTED_EDGE('',*,*,#848,.F.);
#1283=ORIENTED_EDGE('',*,*,#916,.F.);
#1284=ORIENTED_EDGE('',*,*,#938,.F.);
#1285=ORIENTED_EDGE('',*,*,#912,.F.);
#1286=ORIENTED_EDGE('',*,*,#947,.F.);
#1287=ORIENTED_EDGE('',*,*,#944,.F.);
#1288=ORIENTED_EDGE('',*,*,#941,.F.);
#1289=ORIENTED_EDGE('',*,*,#936,.F.);
#1290=ORIENTED_EDGE('',*,*,#933,.F.);
#1291=ORIENTED_EDGE('',*,*,#930,.F.);
#1292=ORIENTED_EDGE('',*,*,#927,.F.);
#1293=ORIENTED_EDGE('',*,*,#923,.F.);
#1294=ORIENTED_EDGE('',*,*,#920,.F.);
#1295=ORIENTED_EDGE('',*,*,#956,.F.);
#1296=ORIENTED_EDGE('',*,*,#958,.F.);
#1297=ORIENTED_EDGE('',*,*,#960,.F.);
#1298=ORIENTED_EDGE('',*,*,#961,.F.);
#1299=ORIENTED_EDGE('',*,*,#962,.F.);
#1300=ORIENTED_EDGE('',*,*,#963,.F.);
#1301=ORIENTED_EDGE('',*,*,#964,.F.);
#1302=ORIENTED_EDGE('',*,*,#965,.F.);
#1303=ORIENTED_EDGE('',*,*,#966,.F.);
#1304=ORIENTED_EDGE('',*,*,#949,.F.);
#1305=ORIENTED_EDGE('',*,*,#952,.F.);
#1306=ORIENTED_EDGE('',*,*,#954,.F.);
#1307=ORIENTED_EDGE('',*,*,#929,.F.);
#1308=ORIENTED_EDGE('',*,*,#967,.T.);
#1309=ORIENTED_EDGE('',*,*,#964,.T.);
#1310=ORIENTED_EDGE('',*,*,#968,.F.);
#1311=ORIENTED_EDGE('',*,*,#926,.F.);
#1312=ORIENTED_EDGE('',*,*,#968,.T.);
#1313=ORIENTED_EDGE('',*,*,#963,.T.);
#1314=ORIENTED_EDGE('',*,*,#969,.F.);
#1315=ORIENTED_EDGE('',*,*,#925,.F.);
#1316=ORIENTED_EDGE('',*,*,#969,.T.);
#1317=ORIENTED_EDGE('',*,*,#962,.T.);
#1318=ORIENTED_EDGE('',*,*,#970,.F.);
#1319=ORIENTED_EDGE('',*,*,#922,.F.);
#1320=ORIENTED_EDGE('',*,*,#970,.T.);
#1321=ORIENTED_EDGE('',*,*,#961,.T.);
#1322=ORIENTED_EDGE('',*,*,#959,.F.);
#1323=ORIENTED_EDGE('',*,*,#935,.F.);
#1324=ORIENTED_EDGE('',*,*,#950,.T.);
#1325=ORIENTED_EDGE('',*,*,#966,.T.);
#1326=ORIENTED_EDGE('',*,*,#971,.F.);
#1327=ORIENTED_EDGE('',*,*,#932,.F.);
#1328=ORIENTED_EDGE('',*,*,#971,.T.);
#1329=ORIENTED_EDGE('',*,*,#965,.T.);
#1330=ORIENTED_EDGE('',*,*,#967,.F.);
#1331=ORIENTED_EDGE('',*,*,#972,.F.);
#1332=ORIENTED_EDGE('',*,*,#839,.F.);
#1333=ORIENTED_EDGE('',*,*,#973,.F.);
#1334=ORIENTED_EDGE('',*,*,#974,.T.);
#1335=ORIENTED_EDGE('',*,*,#975,.T.);
#1336=ORIENTED_EDGE('',*,*,#976,.T.);
#1337=ORIENTED_EDGE('',*,*,#977,.T.);
#1338=ORIENTED_EDGE('',*,*,#978,.F.);
#1339=ORIENTED_EDGE('',*,*,#979,.T.);
#1340=ORIENTED_EDGE('',*,*,#980,.T.);
#1341=ORIENTED_EDGE('',*,*,#981,.T.);
#1342=ORIENTED_EDGE('',*,*,#982,.T.);
#1343=ORIENTED_EDGE('',*,*,#983,.T.);
#1344=ORIENTED_EDGE('',*,*,#984,.T.);
#1345=ORIENTED_EDGE('',*,*,#985,.T.);
#1346=ORIENTED_EDGE('',*,*,#980,.F.);
#1347=ORIENTED_EDGE('',*,*,#986,.T.);
#1348=ORIENTED_EDGE('',*,*,#987,.T.);
#1349=ORIENTED_EDGE('',*,*,#988,.T.);
#1350=ORIENTED_EDGE('',*,*,#984,.F.);
#1351=ORIENTED_EDGE('',*,*,#989,.T.);
#1352=ORIENTED_EDGE('',*,*,#987,.F.);
#1353=ORIENTED_EDGE('',*,*,#990,.T.);
#1354=ORIENTED_EDGE('',*,*,#991,.T.);
#1355=ORIENTED_EDGE('',*,*,#992,.T.);
#1356=ORIENTED_EDGE('',*,*,#991,.F.);
#1357=ORIENTED_EDGE('',*,*,#993,.T.);
#1358=ORIENTED_EDGE('',*,*,#994,.T.);
#1359=ORIENTED_EDGE('',*,*,#995,.T.);
#1360=ORIENTED_EDGE('',*,*,#994,.F.);
#1361=ORIENTED_EDGE('',*,*,#996,.T.);
#1362=ORIENTED_EDGE('',*,*,#997,.T.);
#1363=ORIENTED_EDGE('',*,*,#998,.T.);
#1364=ORIENTED_EDGE('',*,*,#997,.F.);
#1365=ORIENTED_EDGE('',*,*,#999,.T.);
#1366=ORIENTED_EDGE('',*,*,#1000,.T.);
#1367=ORIENTED_EDGE('',*,*,#1001,.T.);
#1368=ORIENTED_EDGE('',*,*,#982,.F.);
#1369=ORIENTED_EDGE('',*,*,#1002,.T.);
#1370=ORIENTED_EDGE('',*,*,#976,.F.);
#1371=ORIENTED_EDGE('',*,*,#1003,.T.);
#1372=ORIENTED_EDGE('',*,*,#1000,.F.);
#1373=ORIENTED_EDGE('',*,*,#1004,.T.);
#1374=ORIENTED_EDGE('',*,*,#1005,.T.);
#1375=ORIENTED_EDGE('',*,*,#1006,.T.);
#1376=ORIENTED_EDGE('',*,*,#1005,.F.);
#1377=ORIENTED_EDGE('',*,*,#1007,.T.);
#1378=ORIENTED_EDGE('',*,*,#1008,.T.);
#1379=ORIENTED_EDGE('',*,*,#1009,.T.);
#1380=ORIENTED_EDGE('',*,*,#1008,.F.);
#1381=ORIENTED_EDGE('',*,*,#1010,.T.);
#1382=ORIENTED_EDGE('',*,*,#978,.T.);
#1383=ORIENTED_EDGE('',*,*,#1003,.F.);
#1384=ORIENTED_EDGE('',*,*,#1011,.T.);
#1385=ORIENTED_EDGE('',*,*,#1012,.T.);
#1386=ORIENTED_EDGE('',*,*,#1013,.F.);
#1387=ORIENTED_EDGE('',*,*,#1006,.F.);
#1388=ORIENTED_EDGE('',*,*,#1014,.T.);
#1389=ORIENTED_EDGE('',*,*,#1015,.T.);
#1390=ORIENTED_EDGE('',*,*,#1011,.F.);
#1391=ORIENTED_EDGE('',*,*,#1009,.F.);
#1392=ORIENTED_EDGE('',*,*,#1016,.T.);
#1393=ORIENTED_EDGE('',*,*,#1017,.T.);
#1394=ORIENTED_EDGE('',*,*,#1014,.F.);
#1395=ORIENTED_EDGE('',*,*,#977,.F.);
#1396=ORIENTED_EDGE('',*,*,#1018,.T.);
#1397=ORIENTED_EDGE('',*,*,#1019,.T.);
#1398=ORIENTED_EDGE('',*,*,#1016,.F.);
#1399=ORIENTED_EDGE('',*,*,#1002,.F.);
#1400=ORIENTED_EDGE('',*,*,#1020,.T.);
#1401=ORIENTED_EDGE('',*,*,#1021,.T.);
#1402=ORIENTED_EDGE('',*,*,#1018,.F.);
#1403=ORIENTED_EDGE('',*,*,#981,.F.);
#1404=ORIENTED_EDGE('',*,*,#1022,.T.);
#1405=ORIENTED_EDGE('',*,*,#1023,.T.);
#1406=ORIENTED_EDGE('',*,*,#1020,.F.);
#1407=ORIENTED_EDGE('',*,*,#851,.F.);
#1408=ORIENTED_EDGE('',*,*,#979,.F.);
#1409=ORIENTED_EDGE('',*,*,#1001,.F.);
#1410=ORIENTED_EDGE('',*,*,#975,.F.);
#1411=ORIENTED_EDGE('',*,*,#1010,.F.);
#1412=ORIENTED_EDGE('',*,*,#1007,.F.);
#1413=ORIENTED_EDGE('',*,*,#1004,.F.);
#1414=ORIENTED_EDGE('',*,*,#999,.F.);
#1415=ORIENTED_EDGE('',*,*,#996,.F.);
#1416=ORIENTED_EDGE('',*,*,#993,.F.);
#1417=ORIENTED_EDGE('',*,*,#990,.F.);
#1418=ORIENTED_EDGE('',*,*,#986,.F.);
#1419=ORIENTED_EDGE('',*,*,#983,.F.);
#1420=ORIENTED_EDGE('',*,*,#1019,.F.);
#1421=ORIENTED_EDGE('',*,*,#1021,.F.);
#1422=ORIENTED_EDGE('',*,*,#1023,.F.);
#1423=ORIENTED_EDGE('',*,*,#1024,.F.);
#1424=ORIENTED_EDGE('',*,*,#1025,.F.);
#1425=ORIENTED_EDGE('',*,*,#1026,.F.);
#1426=ORIENTED_EDGE('',*,*,#1027,.F.);
#1427=ORIENTED_EDGE('',*,*,#1028,.F.);
#1428=ORIENTED_EDGE('',*,*,#1029,.F.);
#1429=ORIENTED_EDGE('',*,*,#1012,.F.);
#1430=ORIENTED_EDGE('',*,*,#1015,.F.);
#1431=ORIENTED_EDGE('',*,*,#1017,.F.);
#1432=ORIENTED_EDGE('',*,*,#992,.F.);
#1433=ORIENTED_EDGE('',*,*,#1030,.T.);
#1434=ORIENTED_EDGE('',*,*,#1027,.T.);
#1435=ORIENTED_EDGE('',*,*,#1031,.F.);
#1436=ORIENTED_EDGE('',*,*,#989,.F.);
#1437=ORIENTED_EDGE('',*,*,#1031,.T.);
#1438=ORIENTED_EDGE('',*,*,#1026,.T.);
#1439=ORIENTED_EDGE('',*,*,#1032,.F.);
#1440=ORIENTED_EDGE('',*,*,#988,.F.);
#1441=ORIENTED_EDGE('',*,*,#1032,.T.);
#1442=ORIENTED_EDGE('',*,*,#1025,.T.);
#1443=ORIENTED_EDGE('',*,*,#1033,.F.);
#1444=ORIENTED_EDGE('',*,*,#985,.F.);
#1445=ORIENTED_EDGE('',*,*,#1033,.T.);
#1446=ORIENTED_EDGE('',*,*,#1024,.T.);
#1447=ORIENTED_EDGE('',*,*,#1022,.F.);
#1448=ORIENTED_EDGE('',*,*,#998,.F.);
#1449=ORIENTED_EDGE('',*,*,#1013,.T.);
#1450=ORIENTED_EDGE('',*,*,#1029,.T.);
#1451=ORIENTED_EDGE('',*,*,#1034,.F.);
#1452=ORIENTED_EDGE('',*,*,#995,.F.);
#1453=ORIENTED_EDGE('',*,*,#1034,.T.);
#1454=ORIENTED_EDGE('',*,*,#1028,.T.);
#1455=ORIENTED_EDGE('',*,*,#1030,.F.);
#1456=ORIENTED_EDGE('',*,*,#1035,.F.);
#1457=ORIENTED_EDGE('',*,*,#974,.F.);
#1458=ORIENTED_EDGE('',*,*,#1036,.F.);
#1459=ORIENTED_EDGE('',*,*,#841,.T.);
#1460=ORIENTED_EDGE('',*,*,#973,.T.);
#1461=ORIENTED_EDGE('',*,*,#1037,.F.);
#1462=ORIENTED_EDGE('',*,*,#1038,.F.);
#1463=ORIENTED_EDGE('',*,*,#1039,.T.);
#1464=ORIENTED_EDGE('',*,*,#838,.T.);
#1465=ORIENTED_EDGE('',*,*,#1040,.F.);
#1466=ORIENTED_EDGE('',*,*,#1041,.F.);
#1467=ORIENTED_EDGE('',*,*,#1037,.T.);
#1468=ORIENTED_EDGE('',*,*,#1042,.F.);
#1469=ORIENTED_EDGE('',*,*,#1043,.T.);
#1470=ORIENTED_EDGE('',*,*,#1044,.T.);
#1471=ORIENTED_EDGE('',*,*,#1045,.F.);
#1472=ORIENTED_EDGE('',*,*,#1044,.F.);
#1473=ORIENTED_EDGE('',*,*,#1046,.T.);
#1474=ORIENTED_EDGE('',*,*,#835,.T.);
#1475=ORIENTED_EDGE('',*,*,#1047,.F.);
#1476=ORIENTED_EDGE('',*,*,#842,.T.);
#1477=ORIENTED_EDGE('',*,*,#1048,.F.);
#1478=ORIENTED_EDGE('',*,*,#1049,.F.);
#1479=ORIENTED_EDGE('',*,*,#1040,.T.);
#1480=ORIENTED_EDGE('',*,*,#1036,.T.);
#1481=ORIENTED_EDGE('',*,*,#1039,.F.);
#1482=ORIENTED_EDGE('',*,*,#1050,.F.);
#1483=ORIENTED_EDGE('',*,*,#1048,.T.);
#1484=ORIENTED_EDGE('',*,*,#840,.T.);
#1485=ORIENTED_EDGE('',*,*,#836,.T.);
#1486=ORIENTED_EDGE('',*,*,#972,.T.);
#1487=ORIENTED_EDGE('',*,*,#1035,.T.);
#1488=ORIENTED_EDGE('',*,*,#843,.T.);
#1489=ORIENTED_EDGE('',*,*,#846,.T.);
#1490=ORIENTED_EDGE('',*,*,#849,.T.);
#1491=ORIENTED_EDGE('',*,*,#1051,.T.);
#1492=ORIENTED_EDGE('',*,*,#1042,.T.);
#1493=ORIENTED_EDGE('',*,*,#1052,.F.);
#1494=ORIENTED_EDGE('',*,*,#1053,.F.);
#1495=ORIENTED_EDGE('',*,*,#1054,.T.);
#1496=ORIENTED_EDGE('',*,*,#1053,.T.);
#1497=ORIENTED_EDGE('',*,*,#1055,.F.);
#1498=ORIENTED_EDGE('',*,*,#1056,.F.);
#1499=ORIENTED_EDGE('',*,*,#1057,.T.);
#1500=ORIENTED_EDGE('',*,*,#1056,.T.);
#1501=ORIENTED_EDGE('',*,*,#1058,.F.);
#1502=ORIENTED_EDGE('',*,*,#1059,.F.);
#1503=ORIENTED_EDGE('',*,*,#1060,.T.);
#1504=ORIENTED_EDGE('',*,*,#1059,.T.);
#1505=ORIENTED_EDGE('',*,*,#1061,.F.);
#1506=ORIENTED_EDGE('',*,*,#1062,.F.);
#1507=ORIENTED_EDGE('',*,*,#1063,.T.);
#1508=ORIENTED_EDGE('',*,*,#1062,.T.);
#1509=ORIENTED_EDGE('',*,*,#1064,.F.);
#1510=ORIENTED_EDGE('',*,*,#833,.F.);
#1511=ORIENTED_EDGE('',*,*,#1049,.T.);
#1512=ORIENTED_EDGE('',*,*,#1050,.T.);
#1513=ORIENTED_EDGE('',*,*,#1038,.T.);
#1514=ORIENTED_EDGE('',*,*,#1041,.T.);
#1515=ORIENTED_EDGE('',*,*,#1047,.T.);
#1516=ORIENTED_EDGE('',*,*,#834,.T.);
#1517=ORIENTED_EDGE('',*,*,#1064,.T.);
#1518=ORIENTED_EDGE('',*,*,#1061,.T.);
#1519=ORIENTED_EDGE('',*,*,#1058,.T.);
#1520=ORIENTED_EDGE('',*,*,#1055,.T.);
#1521=ORIENTED_EDGE('',*,*,#1052,.T.);
#1522=ORIENTED_EDGE('',*,*,#1045,.T.);
#1523=ORIENTED_EDGE('',*,*,#1046,.F.);
#1524=ORIENTED_EDGE('',*,*,#1043,.F.);
#1525=ORIENTED_EDGE('',*,*,#1051,.F.);
#1526=ORIENTED_EDGE('',*,*,#1054,.F.);
#1527=ORIENTED_EDGE('',*,*,#1057,.F.);
#1528=ORIENTED_EDGE('',*,*,#1060,.F.);
#1529=ORIENTED_EDGE('',*,*,#1063,.F.);
#1530=ORIENTED_EDGE('',*,*,#832,.F.);
#1531=PLANE('',#1728);
#1532=PLANE('',#1729);
#1533=PLANE('',#1730);
#1534=PLANE('',#1740);
#1535=PLANE('',#1741);
#1536=PLANE('',#1742);
#1537=PLANE('',#1743);
#1538=PLANE('',#1744);
#1539=PLANE('',#1745);
#1540=PLANE('',#1746);
#1541=PLANE('',#1747);
#1542=PLANE('',#1748);
#1543=PLANE('',#1749);
#1544=PLANE('',#1750);
#1545=PLANE('',#1751);
#1546=PLANE('',#1752);
#1547=PLANE('',#1753);
#1548=PLANE('',#1754);
#1549=PLANE('',#1755);
#1550=PLANE('',#1756);
#1551=PLANE('',#1757);
#1552=PLANE('',#1758);
#1553=PLANE('',#1759);
#1554=PLANE('',#1760);
#1555=PLANE('',#1761);
#1556=PLANE('',#1762);
#1557=PLANE('',#1763);
#1558=PLANE('',#1764);
#1559=PLANE('',#1765);
#1560=PLANE('',#1766);
#1561=PLANE('',#1767);
#1562=PLANE('',#1768);
#1563=PLANE('',#1769);
#1564=PLANE('',#1770);
#1565=PLANE('',#1771);
#1566=PLANE('',#1772);
#1567=PLANE('',#1773);
#1568=PLANE('',#1774);
#1569=PLANE('',#1775);
#1570=PLANE('',#1776);
#1571=PLANE('',#1777);
#1572=PLANE('',#1778);
#1573=PLANE('',#1779);
#1574=PLANE('',#1780);
#1575=PLANE('',#1781);
#1576=PLANE('',#1782);
#1577=PLANE('',#1783);
#1578=PLANE('',#1784);
#1579=PLANE('',#1785);
#1580=PLANE('',#1786);
#1581=PLANE('',#1787);
#1582=PLANE('',#1788);
#1583=PLANE('',#1789);
#1584=PLANE('',#1790);
#1585=PLANE('',#1791);
#1586=PLANE('',#1792);
#1587=PLANE('',#1793);
#1588=PLANE('',#1794);
#1589=PLANE('',#1795);
#1590=PLANE('',#1796);
#1591=PLANE('',#1797);
#1592=PLANE('',#1798);
#1593=PLANE('',#1799);
#1594=PLANE('',#1800);
#1595=PLANE('',#1801);
#1596=PLANE('',#1802);
#1597=PLANE('',#1803);
#1598=PLANE('',#1804);
#1599=PLANE('',#1805);
#1600=PLANE('',#1806);
#1601=PLANE('',#1807);
#1602=PLANE('',#1808);
#1603=PLANE('',#1809);
#1604=PLANE('',#1810);
#1605=PLANE('',#1811);
#1606=PLANE('',#1812);
#1607=PLANE('',#1813);
#1608=PLANE('',#1814);
#1609=PLANE('',#1815);
#1610=PLANE('',#1816);
#1611=PLANE('',#1817);
#1612=PLANE('',#1818);
#1613=PLANE('',#1819);
#1614=PLANE('',#1820);
#1615=PLANE('',#1821);
#1616=PLANE('',#1822);
#1617=PLANE('',#1826);
#1618=PLANE('',#1827);
#1619=PLANE('',#1828);
#1620=PLANE('',#1832);
#1621=PLANE('',#1833);
#1622=PLANE('',#1834);
#1623=PLANE('',#1835);
#1624=PLANE('',#1836);
#1625=PLANE('',#1837);
#1626=ADVANCED_FACE('',(#37),#1531,.T.);
#1627=ADVANCED_FACE('',(#38),#1532,.F.);
#1628=ADVANCED_FACE('',(#39),#1533,.F.);
#1629=ADVANCED_FACE('',(#40),#32,.T.);
#1630=ADVANCED_FACE('',(#41),#33,.T.);
#1631=ADVANCED_FACE('',(#42),#34,.T.);
#1632=ADVANCED_FACE('',(#43),#1534,.T.);
#1633=ADVANCED_FACE('',(#44),#1535,.T.);
#1634=ADVANCED_FACE('',(#45),#1536,.T.);
#1635=ADVANCED_FACE('',(#46),#1537,.T.);
#1636=ADVANCED_FACE('',(#47),#1538,.T.);
#1637=ADVANCED_FACE('',(#48),#1539,.T.);
#1638=ADVANCED_FACE('',(#49),#1540,.T.);
#1639=ADVANCED_FACE('',(#50),#1541,.T.);
#1640=ADVANCED_FACE('',(#51),#1542,.T.);
#1641=ADVANCED_FACE('',(#52),#1543,.T.);
#1642=ADVANCED_FACE('',(#53),#1544,.T.);
#1643=ADVANCED_FACE('',(#54),#1545,.T.);
#1644=ADVANCED_FACE('',(#55),#1546,.T.);
#1645=ADVANCED_FACE('',(#56),#1547,.T.);
#1646=ADVANCED_FACE('',(#57),#1548,.T.);
#1647=ADVANCED_FACE('',(#58),#1549,.T.);
#1648=ADVANCED_FACE('',(#59),#1550,.T.);
#1649=ADVANCED_FACE('',(#60),#1551,.T.);
#1650=ADVANCED_FACE('',(#61,#15),#1552,.F.);
#1651=ADVANCED_FACE('',(#62),#1553,.T.);
#1652=ADVANCED_FACE('',(#63),#1554,.T.);
#1653=ADVANCED_FACE('',(#64),#1555,.T.);
#1654=ADVANCED_FACE('',(#65),#1556,.T.);
#1655=ADVANCED_FACE('',(#66),#1557,.T.);
#1656=ADVANCED_FACE('',(#67),#1558,.T.);
#1657=ADVANCED_FACE('',(#68),#1559,.T.);
#1658=ADVANCED_FACE('',(#69),#1560,.T.);
#1659=ADVANCED_FACE('',(#70),#1561,.T.);
#1660=ADVANCED_FACE('',(#71),#1562,.T.);
#1661=ADVANCED_FACE('',(#72),#1563,.T.);
#1662=ADVANCED_FACE('',(#73),#1564,.T.);
#1663=ADVANCED_FACE('',(#74),#1565,.T.);
#1664=ADVANCED_FACE('',(#75),#1566,.T.);
#1665=ADVANCED_FACE('',(#76),#1567,.T.);
#1666=ADVANCED_FACE('',(#77),#1568,.T.);
#1667=ADVANCED_FACE('',(#78),#1569,.T.);
#1668=ADVANCED_FACE('',(#79),#1570,.T.);
#1669=ADVANCED_FACE('',(#80),#1571,.T.);
#1670=ADVANCED_FACE('',(#81),#1572,.T.);
#1671=ADVANCED_FACE('',(#82),#1573,.T.);
#1672=ADVANCED_FACE('',(#83),#1574,.T.);
#1673=ADVANCED_FACE('',(#84),#1575,.T.);
#1674=ADVANCED_FACE('',(#85),#1576,.T.);
#1675=ADVANCED_FACE('',(#86),#1577,.T.);
#1676=ADVANCED_FACE('',(#87,#16),#1578,.F.);
#1677=ADVANCED_FACE('',(#88),#1579,.T.);
#1678=ADVANCED_FACE('',(#89),#1580,.T.);
#1679=ADVANCED_FACE('',(#90),#1581,.T.);
#1680=ADVANCED_FACE('',(#91),#1582,.T.);
#1681=ADVANCED_FACE('',(#92),#1583,.T.);
#1682=ADVANCED_FACE('',(#93),#1584,.T.);
#1683=ADVANCED_FACE('',(#94),#1585,.T.);
#1684=ADVANCED_FACE('',(#95),#1586,.F.);
#1685=ADVANCED_FACE('',(#96),#1587,.T.);
#1686=ADVANCED_FACE('',(#97),#1588,.T.);
#1687=ADVANCED_FACE('',(#98),#1589,.T.);
#1688=ADVANCED_FACE('',(#99),#1590,.T.);
#1689=ADVANCED_FACE('',(#100),#1591,.T.);
#1690=ADVANCED_FACE('',(#101),#1592,.T.);
#1691=ADVANCED_FACE('',(#102),#1593,.T.);
#1692=ADVANCED_FACE('',(#103),#1594,.T.);
#1693=ADVANCED_FACE('',(#104),#1595,.T.);
#1694=ADVANCED_FACE('',(#105),#1596,.T.);
#1695=ADVANCED_FACE('',(#106),#1597,.T.);
#1696=ADVANCED_FACE('',(#107),#1598,.T.);
#1697=ADVANCED_FACE('',(#108),#1599,.T.);
#1698=ADVANCED_FACE('',(#109),#1600,.T.);
#1699=ADVANCED_FACE('',(#110),#1601,.T.);
#1700=ADVANCED_FACE('',(#111),#1602,.T.);
#1701=ADVANCED_FACE('',(#112),#1603,.T.);
#1702=ADVANCED_FACE('',(#113),#1604,.T.);
#1703=ADVANCED_FACE('',(#114,#17),#1605,.F.);
#1704=ADVANCED_FACE('',(#115),#1606,.T.);
#1705=ADVANCED_FACE('',(#116),#1607,.T.);
#1706=ADVANCED_FACE('',(#117),#1608,.T.);
#1707=ADVANCED_FACE('',(#118),#1609,.T.);
#1708=ADVANCED_FACE('',(#119),#1610,.T.);
#1709=ADVANCED_FACE('',(#120),#1611,.T.);
#1710=ADVANCED_FACE('',(#121),#1612,.T.);
#1711=ADVANCED_FACE('',(#122),#1613,.F.);
#1712=ADVANCED_FACE('',(#123),#1614,.F.);
#1713=ADVANCED_FACE('',(#124),#1615,.F.);
#1714=ADVANCED_FACE('',(#125),#1616,.T.);
#1715=ADVANCED_FACE('',(#126),#35,.T.);
#1716=ADVANCED_FACE('',(#127),#1617,.F.);
#1717=ADVANCED_FACE('',(#128),#1618,.F.);
#1718=ADVANCED_FACE('',(#129,#18,#19,#20),#1619,.F.);
#1719=ADVANCED_FACE('',(#130),#36,.T.);
#1720=ADVANCED_FACE('',(#131),#1620,.T.);
#1721=ADVANCED_FACE('',(#132),#1621,.T.);
#1722=ADVANCED_FACE('',(#133),#1622,.T.);
#1723=ADVANCED_FACE('',(#134,#21),#1623,.T.);
#1724=ADVANCED_FACE('',(#135),#1624,.T.);
#1725=ADVANCED_FACE('',(#136),#1625,.F.);
#1726=CLOSED_SHELL('',(#1626,#1627,#1628,#1629,#1630,#1631,#1632,#1633,
#1634,#1635,#1636,#1637,#1638,#1639,#1640,#1641,#1642,#1643,#1644,#1645,
#1646,#1647,#1648,#1649,#1650,#1651,#1652,#1653,#1654,#1655,#1656,#1657,
#1658,#1659,#1660,#1661,#1662,#1663,#1664,#1665,#1666,#1667,#1668,#1669,
#1670,#1671,#1672,#1673,#1674,#1675,#1676,#1677,#1678,#1679,#1680,#1681,
#1682,#1683,#1684,#1685,#1686,#1687,#1688,#1689,#1690,#1691,#1692,#1693,
#1694,#1695,#1696,#1697,#1698,#1699,#1700,#1701,#1702,#1703,#1704,#1705,
#1706,#1707,#1708,#1709,#1710,#1711,#1712,#1713,#1714,#1715,#1716,#1717,
#1718,#1719,#1720,#1721,#1722,#1723,#1724,#1725));
#1727=AXIS2_PLACEMENT_3D('',#2283,#1838,#1839);
#1728=AXIS2_PLACEMENT_3D('',#2284,#1840,#1841);
#1729=AXIS2_PLACEMENT_3D('',#2293,#1846,#1847);
#1730=AXIS2_PLACEMENT_3D('',#2302,#1852,#1853);
#1731=AXIS2_PLACEMENT_3D('',#2308,#1857,#1858);
#1732=AXIS2_PLACEMENT_3D('',#2310,#1859,#1860);
#1733=AXIS2_PLACEMENT_3D('',#2313,#1862,#1863);
#1734=AXIS2_PLACEMENT_3D('',#2314,#1864,#1865);
#1735=AXIS2_PLACEMENT_3D('',#2316,#1866,#1867);
#1736=AXIS2_PLACEMENT_3D('',#2319,#1869,#1870);
#1737=AXIS2_PLACEMENT_3D('',#2320,#1871,#1872);
#1738=AXIS2_PLACEMENT_3D('',#2322,#1873,#1874);
#1739=AXIS2_PLACEMENT_3D('',#2325,#1876,#1877);
#1740=AXIS2_PLACEMENT_3D('',#2326,#1878,#1879);
#1741=AXIS2_PLACEMENT_3D('',#2335,#1884,#1885);
#1742=AXIS2_PLACEMENT_3D('',#2344,#1890,#1891);
#1743=AXIS2_PLACEMENT_3D('',#2350,#1895,#1896);
#1744=AXIS2_PLACEMENT_3D('',#2356,#1900,#1901);
#1745=AXIS2_PLACEMENT_3D('',#2362,#1905,#1906);
#1746=AXIS2_PLACEMENT_3D('',#2368,#1910,#1911);
#1747=AXIS2_PLACEMENT_3D('',#2374,#1915,#1916);
#1748=AXIS2_PLACEMENT_3D('',#2380,#1920,#1921);
#1749=AXIS2_PLACEMENT_3D('',#2383,#1924,#1925);
#1750=AXIS2_PLACEMENT_3D('',#2389,#1929,#1930);
#1751=AXIS2_PLACEMENT_3D('',#2395,#1934,#1935);
#1752=AXIS2_PLACEMENT_3D('',#2398,#1938,#1939);
#1753=AXIS2_PLACEMENT_3D('',#2404,#1943,#1944);
#1754=AXIS2_PLACEMENT_3D('',#2408,#1947,#1948);
#1755=AXIS2_PLACEMENT_3D('',#2412,#1951,#1952);
#1756=AXIS2_PLACEMENT_3D('',#2416,#1955,#1956);
#1757=AXIS2_PLACEMENT_3D('',#2420,#1959,#1960);
#1758=AXIS2_PLACEMENT_3D('',#2424,#1963,#1964);
#1759=AXIS2_PLACEMENT_3D('',#2425,#1965,#1966);
#1760=AXIS2_PLACEMENT_3D('',#2437,#1973,#1974);
#1761=AXIS2_PLACEMENT_3D('',#2440,#1977,#1978);
#1762=AXIS2_PLACEMENT_3D('',#2442,#1980,#1981);
#1763=AXIS2_PLACEMENT_3D('',#2444,#1983,#1984);
#1764=AXIS2_PLACEMENT_3D('',#2445,#1985,#1986);
#1765=AXIS2_PLACEMENT_3D('',#2447,#1988,#1989);
#1766=AXIS2_PLACEMENT_3D('',#2448,#1990,#1991);
#1767=AXIS2_PLACEMENT_3D('',#2457,#1996,#1997);
#1768=AXIS2_PLACEMENT_3D('',#2466,#2002,#2003);
#1769=AXIS2_PLACEMENT_3D('',#2472,#2007,#2008);
#1770=AXIS2_PLACEMENT_3D('',#2478,#2012,#2013);
#1771=AXIS2_PLACEMENT_3D('',#2484,#2017,#2018);
#1772=AXIS2_PLACEMENT_3D('',#2490,#2022,#2023);
#1773=AXIS2_PLACEMENT_3D('',#2496,#2027,#2028);
#1774=AXIS2_PLACEMENT_3D('',#2502,#2032,#2033);
#1775=AXIS2_PLACEMENT_3D('',#2505,#2036,#2037);
#1776=AXIS2_PLACEMENT_3D('',#2511,#2041,#2042);
#1777=AXIS2_PLACEMENT_3D('',#2517,#2046,#2047);
#1778=AXIS2_PLACEMENT_3D('',#2520,#2050,#2051);
#1779=AXIS2_PLACEMENT_3D('',#2526,#2055,#2056);
#1780=AXIS2_PLACEMENT_3D('',#2530,#2059,#2060);
#1781=AXIS2_PLACEMENT_3D('',#2534,#2063,#2064);
#1782=AXIS2_PLACEMENT_3D('',#2538,#2067,#2068);
#1783=AXIS2_PLACEMENT_3D('',#2542,#2071,#2072);
#1784=AXIS2_PLACEMENT_3D('',#2546,#2075,#2076);
#1785=AXIS2_PLACEMENT_3D('',#2547,#2077,#2078);
#1786=AXIS2_PLACEMENT_3D('',#2559,#2085,#2086);
#1787=AXIS2_PLACEMENT_3D('',#2562,#2089,#2090);
#1788=AXIS2_PLACEMENT_3D('',#2564,#2092,#2093);
#1789=AXIS2_PLACEMENT_3D('',#2566,#2095,#2096);
#1790=AXIS2_PLACEMENT_3D('',#2567,#2097,#2098);
#1791=AXIS2_PLACEMENT_3D('',#2569,#2100,#2101);
#1792=AXIS2_PLACEMENT_3D('',#2570,#2102,#2103);
#1793=AXIS2_PLACEMENT_3D('',#2576,#2107,#2108);
#1794=AXIS2_PLACEMENT_3D('',#2585,#2113,#2114);
#1795=AXIS2_PLACEMENT_3D('',#2594,#2119,#2120);
#1796=AXIS2_PLACEMENT_3D('',#2600,#2124,#2125);
#1797=AXIS2_PLACEMENT_3D('',#2606,#2129,#2130);
#1798=AXIS2_PLACEMENT_3D('',#2612,#2134,#2135);
#1799=AXIS2_PLACEMENT_3D('',#2618,#2139,#2140);
#1800=AXIS2_PLACEMENT_3D('',#2624,#2144,#2145);
#1801=AXIS2_PLACEMENT_3D('',#2630,#2149,#2150);
#1802=AXIS2_PLACEMENT_3D('',#2633,#2153,#2154);
#1803=AXIS2_PLACEMENT_3D('',#2639,#2158,#2159);
#1804=AXIS2_PLACEMENT_3D('',#2645,#2163,#2164);
#1805=AXIS2_PLACEMENT_3D('',#2648,#2167,#2168);
#1806=AXIS2_PLACEMENT_3D('',#2654,#2172,#2173);
#1807=AXIS2_PLACEMENT_3D('',#2658,#2176,#2177);
#1808=AXIS2_PLACEMENT_3D('',#2662,#2180,#2181);
#1809=AXIS2_PLACEMENT_3D('',#2666,#2184,#2185);
#1810=AXIS2_PLACEMENT_3D('',#2670,#2188,#2189);
#1811=AXIS2_PLACEMENT_3D('',#2674,#2192,#2193);
#1812=AXIS2_PLACEMENT_3D('',#2675,#2194,#2195);
#1813=AXIS2_PLACEMENT_3D('',#2687,#2202,#2203);
#1814=AXIS2_PLACEMENT_3D('',#2690,#2206,#2207);
#1815=AXIS2_PLACEMENT_3D('',#2692,#2209,#2210);
#1816=AXIS2_PLACEMENT_3D('',#2694,#2212,#2213);
#1817=AXIS2_PLACEMENT_3D('',#2695,#2214,#2215);
#1818=AXIS2_PLACEMENT_3D('',#2697,#2217,#2218);
#1819=AXIS2_PLACEMENT_3D('',#2698,#2219,#2220);
#1820=AXIS2_PLACEMENT_3D('',#2701,#2223,#2224);
#1821=AXIS2_PLACEMENT_3D('',#2707,#2228,#2229);
#1822=AXIS2_PLACEMENT_3D('',#2711,#2232,#2233);
#1823=AXIS2_PLACEMENT_3D('',#2720,#2238,#2239);
#1824=AXIS2_PLACEMENT_3D('',#2721,#2240,#2241);
#1825=AXIS2_PLACEMENT_3D('',#2722,#2242,#2243);
#1826=AXIS2_PLACEMENT_3D('',#2723,#2244,#2245);
#1827=AXIS2_PLACEMENT_3D('',#2727,#2248,#2249);
#1828=AXIS2_PLACEMENT_3D('',#2729,#2251,#2252);
#1829=AXIS2_PLACEMENT_3D('',#2730,#2253,#2254);
#1830=AXIS2_PLACEMENT_3D('',#2732,#2255,#2256);
#1831=AXIS2_PLACEMENT_3D('',#2734,#2257,#2258);
#1832=AXIS2_PLACEMENT_3D('',#2736,#2260,#2261);
#1833=AXIS2_PLACEMENT_3D('',#2742,#2265,#2266);
#1834=AXIS2_PLACEMENT_3D('',#2748,#2270,#2271);
#1835=AXIS2_PLACEMENT_3D('',#2754,#2275,#2276);
#1836=AXIS2_PLACEMENT_3D('',#2757,#2279,#2280);
#1837=AXIS2_PLACEMENT_3D('',#2758,#2281,#2282);
#1838=DIRECTION('axis',(0.,0.,1.));
#1839=DIRECTION('refdir',(1.,0.,0.));
#1840=DIRECTION('center_axis',(0.,-0.997564050259823,0.069756473744143));
#1841=DIRECTION('ref_axis',(0.,-0.069756473744143,-0.997564050259823));
#1842=DIRECTION('',(0.,-0.069756473744143,-0.997564050259823));
#1843=DIRECTION('',(1.,0.,0.));
#1844=DIRECTION('',(0.,-0.069756473744143,-0.997564050259823));
#1845=DIRECTION('',(1.,0.,0.));
#1846=DIRECTION('center_axis',(2.29827778902405E-16,0.93834311681711,0.345705358827356));
#1847=DIRECTION('ref_axis',(-1.,2.44929359829471E-16,0.));
#1848=DIRECTION('',(1.,-2.44929359829471E-16,0.));
#1849=DIRECTION('',(0.326732019606536,-0.326732019606536,0.886844053217739));
#1850=DIRECTION('',(-1.,2.64338815386942E-16,-5.26828079417079E-17));
#1851=DIRECTION('',(-0.326732019606536,-0.326732019606536,0.886844053217739));
#1852=DIRECTION('center_axis',(-0.93834311681711,2.29827778902405E-16,0.345705358827356));
#1853=DIRECTION('ref_axis',(-2.44929359829471E-16,-1.,0.));
#1854=DIRECTION('',(2.44929359829471E-16,1.,0.));
#1855=DIRECTION('',(0.326732019606536,0.326732019606536,0.886844053217739));
#1856=DIRECTION('',(-3.04170691678125E-16,-1.,-1.60797900732062E-16));
#1857=DIRECTION('center_axis',(0.,0.,1.));
#1858=DIRECTION('ref_axis',(1.,-2.44929359829471E-16,0.));
#1859=DIRECTION('center_axis',(0.,0.,1.));
#1860=DIRECTION('ref_axis',(1.,-2.44929359829471E-16,0.));
#1861=DIRECTION('',(0.,0.,-1.));
#1862=DIRECTION('center_axis',(0.,0.,1.));
#1863=DIRECTION('ref_axis',(1.,-2.44929359829471E-16,0.));
#1864=DIRECTION('center_axis',(0.,0.,1.));
#1865=DIRECTION('ref_axis',(1.,-2.44929359829471E-16,0.));
#1866=DIRECTION('center_axis',(0.,0.,1.));
#1867=DIRECTION('ref_axis',(1.,-2.44929359829471E-16,0.));
#1868=DIRECTION('',(0.,0.,-1.));
#1869=DIRECTION('center_axis',(0.,0.,1.));
#1870=DIRECTION('ref_axis',(1.,-2.44929359829471E-16,0.));
#1871=DIRECTION('center_axis',(0.,0.,1.));
#1872=DIRECTION('ref_axis',(1.,-2.44929359829471E-16,0.));
#1873=DIRECTION('center_axis',(0.,0.,1.));
#1874=DIRECTION('ref_axis',(1.,-2.44929359829471E-16,0.));
#1875=DIRECTION('',(0.,0.,-1.));
#1876=DIRECTION('center_axis',(0.,0.,1.));
#1877=DIRECTION('ref_axis',(1.,-2.44929359829471E-16,0.));
#1878=DIRECTION('center_axis',(-1.73191211247099E-16,-0.707106781186548,
-0.707106781186548));
#1879=DIRECTION('ref_axis',(1.,-2.44929359829471E-16,0.));
#1880=DIRECTION('',(1.,-2.44929359829471E-16,0.));
#1881=DIRECTION('',(-0.577350269189626,-0.577350269189626,0.577350269189626));
#1882=DIRECTION('',(1.,-2.44929359829471E-16,0.));
#1883=DIRECTION('',(-0.577350269189626,-0.577350269189626,0.577350269189626));
#1884=DIRECTION('center_axis',(1.73191211247099E-16,0.707106781186548,-0.707106781186548));
#1885=DIRECTION('ref_axis',(-1.,2.44929359829471E-16,0.));
#1886=DIRECTION('',(-1.,2.44929359829471E-16,0.));
#1887=DIRECTION('',(-0.577350269189626,0.577350269189626,0.577350269189626));
#1888=DIRECTION('',(-1.,2.44929359829471E-16,0.));
#1889=DIRECTION('',(0.577350269189626,-0.577350269189626,-0.577350269189626));
#1890=DIRECTION('center_axis',(-0.707106781186548,1.73191211247099E-16,
-0.707106781186548));
#1891=DIRECTION('ref_axis',(-2.44929359829471E-16,-1.,0.));
#1892=DIRECTION('',(-2.44929359829471E-16,-1.,0.));
#1893=DIRECTION('',(-0.577350269189626,0.577350269189626,0.577350269189626));
#1894=DIRECTION('',(-2.44929359829471E-16,-1.,0.));
#1895=DIRECTION('center_axis',(1.73191211247099E-16,0.707106781186548,-0.707106781186548));
#1896=DIRECTION('ref_axis',(-1.,2.44929359829471E-16,0.));
#1897=DIRECTION('',(-1.,2.44929359829471E-16,0.));
#1898=DIRECTION('',(0.577350269189626,0.577350269189626,0.577350269189626));
#1899=DIRECTION('',(-1.,2.44929359829471E-16,0.));
#1900=DIRECTION('center_axis',(0.707106781186548,-1.73191211247099E-16,
-0.707106781186548));
#1901=DIRECTION('ref_axis',(2.44929359829471E-16,1.,0.));
#1902=DIRECTION('',(2.44929359829471E-16,1.,0.));
#1903=DIRECTION('',(2.44929359829471E-16,1.,0.));
#1904=DIRECTION('',(0.577350269189626,0.577350269189626,0.577350269189626));
#1905=DIRECTION('center_axis',(1.73191211247099E-16,0.707106781186548,-0.707106781186548));
#1906=DIRECTION('ref_axis',(-1.,2.44929359829471E-16,0.));
#1907=DIRECTION('',(-1.,2.44929359829471E-16,0.));
#1908=DIRECTION('',(-1.,2.44929359829471E-16,0.));
#1909=DIRECTION('',(0.577350269189626,0.577350269189626,0.577350269189626));
#1910=DIRECTION('center_axis',(0.707106781186548,-1.73191211247099E-16,
-0.707106781186548));
#1911=DIRECTION('ref_axis',(2.44929359829471E-16,1.,0.));
#1912=DIRECTION('',(2.44929359829471E-16,1.,0.));
#1913=DIRECTION('',(2.44929359829471E-16,1.,0.));
#1914=DIRECTION('',(0.577350269189626,-0.577350269189626,0.577350269189626));
#1915=DIRECTION('center_axis',(-1.73191211247099E-16,-0.707106781186548,
-0.707106781186548));
#1916=DIRECTION('ref_axis',(1.,-2.44929359829471E-16,0.));
#1917=DIRECTION('',(1.,-2.44929359829471E-16,0.));
#1918=DIRECTION('',(1.,-2.44929359829471E-16,0.));
#1919=DIRECTION('',(0.577350269189626,-0.577350269189626,0.577350269189626));
#1920=DIRECTION('center_axis',(-0.707106781186548,1.73191211247099E-16,
-0.707106781186548));
#1921=DIRECTION('ref_axis',(-2.44929359829471E-16,-1.,0.));
#1922=DIRECTION('',(-2.44929359829471E-16,-1.,0.));
#1923=DIRECTION('',(-2.44929359829471E-16,-1.,0.));
#1924=DIRECTION('center_axis',(0.707106781186548,-1.73191211247099E-16,
-0.707106781186548));
#1925=DIRECTION('ref_axis',(2.44929359829471E-16,1.,0.));
#1926=DIRECTION('',(2.44929359829471E-16,1.,0.));
#1927=DIRECTION('',(2.44929359829471E-16,1.,0.));
#1928=DIRECTION('',(0.577350269189626,-0.577350269189626,0.577350269189626));
#1929=DIRECTION('center_axis',(-1.73191211247099E-16,-0.707106781186548,
-0.707106781186548));
#1930=DIRECTION('ref_axis',(1.,-2.44929359829471E-16,0.));
#1931=DIRECTION('',(1.,-2.44929359829471E-16,0.));
#1932=DIRECTION('',(1.,-2.44929359829471E-16,0.));
#1933=DIRECTION('',(-0.577350269189626,-0.577350269189626,0.577350269189626));
#1934=DIRECTION('center_axis',(-0.707106781186548,1.73191211247099E-16,
-0.707106781186548));
#1935=DIRECTION('ref_axis',(-2.44929359829471E-16,-1.,0.));
#1936=DIRECTION('',(-2.44929359829471E-16,-1.,0.));
#1937=DIRECTION('',(-2.44929359829471E-16,-1.,0.));
#1938=DIRECTION('center_axis',(1.,-2.44929359829471E-16,0.));
#1939=DIRECTION('ref_axis',(2.44929359829471E-16,1.,0.));
#1940=DIRECTION('',(0.,0.,1.));
#1941=DIRECTION('',(2.44929359829471E-16,1.,0.));
#1942=DIRECTION('',(0.,0.,-1.));
#1943=DIRECTION('center_axis',(-2.44929359829471E-16,-1.,0.));
#1944=DIRECTION('ref_axis',(1.,-2.44929359829471E-16,0.));
#1945=DIRECTION('',(0.,0.,-1.));
#1946=DIRECTION('',(1.,-2.44929359829471E-16,0.));
#1947=DIRECTION('center_axis',(-1.,2.44929359829471E-16,0.));
#1948=DIRECTION('ref_axis',(-2.44929359829471E-16,-1.,0.));
#1949=DIRECTION('',(0.,0.,-1.));
#1950=DIRECTION('',(-2.44929359829471E-16,-1.,0.));
#1951=DIRECTION('center_axis',(-2.44929359829471E-16,-1.,0.));
#1952=DIRECTION('ref_axis',(1.,-2.44929359829471E-16,0.));
#1953=DIRECTION('',(0.,0.,1.));
#1954=DIRECTION('',(1.,-2.44929359829471E-16,0.));
#1955=DIRECTION('center_axis',(-1.,2.44929359829471E-16,0.));
#1956=DIRECTION('ref_axis',(-2.44929359829471E-16,-1.,0.));
#1957=DIRECTION('',(0.,0.,-1.));
#1958=DIRECTION('',(-2.44929359829471E-16,-1.,0.));
#1959=DIRECTION('center_axis',(2.44929359829471E-16,1.,0.));
#1960=DIRECTION('ref_axis',(-1.,2.44929359829471E-16,0.));
#1961=DIRECTION('',(0.,0.,1.));
#1962=DIRECTION('',(-1.,2.44929359829471E-16,0.));
#1963=DIRECTION('center_axis',(0.,0.,1.));
#1964=DIRECTION('ref_axis',(1.,-2.44929359829471E-16,0.));
#1965=DIRECTION('center_axis',(0.,0.,-1.));
#1966=DIRECTION('ref_axis',(2.44929359829471E-16,1.,0.));
#1967=DIRECTION('',(-2.44929359829471E-16,-1.,0.));
#1968=DIRECTION('',(-1.,2.44929359829471E-16,0.));
#1969=DIRECTION('',(2.44929359829471E-16,1.,0.));
#1970=DIRECTION('',(-1.,2.44929359829471E-16,0.));
#1971=DIRECTION('',(2.44929359829471E-16,1.,0.));
#1972=DIRECTION('',(1.,-2.44929359829471E-16,0.));
#1973=DIRECTION('center_axis',(2.44929359829471E-16,1.,0.));
#1974=DIRECTION('ref_axis',(-1.,2.44929359829471E-16,0.));
#1975=DIRECTION('',(0.,0.,1.));
#1976=DIRECTION('',(0.,0.,-1.));
#1977=DIRECTION('center_axis',(1.,-2.44929359829471E-16,0.));
#1978=DIRECTION('ref_axis',(2.44929359829471E-16,1.,0.));
#1979=DIRECTION('',(0.,0.,-1.));
#1980=DIRECTION('center_axis',(2.44929359829471E-16,1.,0.));
#1981=DIRECTION('ref_axis',(-1.,2.44929359829471E-16,0.));
#1982=DIRECTION('',(0.,0.,1.));
#1983=DIRECTION('center_axis',(-1.,2.44929359829471E-16,0.));
#1984=DIRECTION('ref_axis',(-2.44929359829471E-16,-1.,0.));
#1985=DIRECTION('center_axis',(-2.44929359829471E-16,-1.,0.));
#1986=DIRECTION('ref_axis',(1.,-2.44929359829471E-16,0.));
#1987=DIRECTION('',(0.,0.,-1.));
#1988=DIRECTION('center_axis',(1.,-2.44929359829471E-16,0.));
#1989=DIRECTION('ref_axis',(2.44929359829471E-16,1.,0.));
#1990=DIRECTION('center_axis',(-1.73191211247099E-16,-0.707106781186548,
-0.707106781186548));
#1991=DIRECTION('ref_axis',(1.,-2.44929359829471E-16,0.));
#1992=DIRECTION('',(1.,-2.44929359829471E-16,0.));
#1993=DIRECTION('',(-0.577350269189626,-0.577350269189626,0.577350269189626));
#1994=DIRECTION('',(1.,-2.44929359829471E-16,0.));
#1995=DIRECTION('',(-0.577350269189626,-0.577350269189626,0.577350269189626));
#1996=DIRECTION('center_axis',(1.73191211247099E-16,0.707106781186548,-0.707106781186548));
#1997=DIRECTION('ref_axis',(-1.,2.44929359829471E-16,0.));
#1998=DIRECTION('',(-1.,2.44929359829471E-16,0.));
#1999=DIRECTION('',(-0.577350269189626,0.577350269189626,0.577350269189626));
#2000=DIRECTION('',(-1.,2.44929359829471E-16,0.));
#2001=DIRECTION('',(0.577350269189626,-0.577350269189626,-0.577350269189626));
#2002=DIRECTION('center_axis',(-0.707106781186548,1.73191211247099E-16,
-0.707106781186548));
#2003=DIRECTION('ref_axis',(-2.44929359829471E-16,-1.,0.));
#2004=DIRECTION('',(-2.44929359829471E-16,-1.,0.));
#2005=DIRECTION('',(-0.577350269189626,0.577350269189626,0.577350269189626));
#2006=DIRECTION('',(-2.44929359829471E-16,-1.,0.));
#2007=DIRECTION('center_axis',(1.73191211247099E-16,0.707106781186548,-0.707106781186548));
#2008=DIRECTION('ref_axis',(-1.,2.44929359829471E-16,0.));
#2009=DIRECTION('',(-1.,2.44929359829471E-16,0.));
#2010=DIRECTION('',(0.577350269189626,0.577350269189626,0.577350269189626));
#2011=DIRECTION('',(-1.,2.44929359829471E-16,0.));
#2012=DIRECTION('center_axis',(0.707106781186548,-1.73191211247099E-16,
-0.707106781186548));
#2013=DIRECTION('ref_axis',(2.44929359829471E-16,1.,0.));
#2014=DIRECTION('',(2.44929359829471E-16,1.,0.));
#2015=DIRECTION('',(2.44929359829471E-16,1.,0.));
#2016=DIRECTION('',(0.577350269189626,0.577350269189626,0.577350269189626));
#2017=DIRECTION('center_axis',(1.73191211247099E-16,0.707106781186548,-0.707106781186548));
#2018=DIRECTION('ref_axis',(-1.,2.44929359829471E-16,0.));
#2019=DIRECTION('',(-1.,2.44929359829471E-16,0.));
#2020=DIRECTION('',(-1.,2.44929359829471E-16,0.));
#2021=DIRECTION('',(0.577350269189626,0.577350269189626,0.577350269189626));
#2022=DIRECTION('center_axis',(0.707106781186548,-1.73191211247099E-16,
-0.707106781186548));
#2023=DIRECTION('ref_axis',(2.44929359829471E-16,1.,0.));
#2024=DIRECTION('',(2.44929359829471E-16,1.,0.));
#2025=DIRECTION('',(2.44929359829471E-16,1.,0.));
#2026=DIRECTION('',(0.577350269189626,-0.577350269189626,0.577350269189626));
#2027=DIRECTION('center_axis',(-1.73191211247099E-16,-0.707106781186548,
-0.707106781186548));
#2028=DIRECTION('ref_axis',(1.,-2.44929359829471E-16,0.));
#2029=DIRECTION('',(1.,-2.44929359829471E-16,0.));
#2030=DIRECTION('',(1.,-2.44929359829471E-16,0.));
#2031=DIRECTION('',(0.577350269189626,-0.577350269189626,0.577350269189626));
#2032=DIRECTION('center_axis',(-0.707106781186548,1.73191211247099E-16,
-0.707106781186548));
#2033=DIRECTION('ref_axis',(-2.44929359829471E-16,-1.,0.));
#2034=DIRECTION('',(-2.44929359829471E-16,-1.,0.));
#2035=DIRECTION('',(-2.44929359829471E-16,-1.,0.));
#2036=DIRECTION('center_axis',(0.707106781186548,-1.73191211247099E-16,
-0.707106781186548));
#2037=DIRECTION('ref_axis',(2.44929359829471E-16,1.,0.));
#2038=DIRECTION('',(2.44929359829471E-16,1.,0.));
#2039=DIRECTION('',(2.44929359829471E-16,1.,0.));
#2040=DIRECTION('',(0.577350269189626,-0.577350269189626,0.577350269189626));
#2041=DIRECTION('center_axis',(-1.73191211247099E-16,-0.707106781186548,
-0.707106781186548));
#2042=DIRECTION('ref_axis',(1.,-2.44929359829471E-16,0.));
#2043=DIRECTION('',(1.,-2.44929359829471E-16,0.));
#2044=DIRECTION('',(1.,-2.44929359829471E-16,0.));
#2045=DIRECTION('',(-0.577350269189626,-0.577350269189626,0.577350269189626));
#2046=DIRECTION('center_axis',(-0.707106781186548,1.73191211247099E-16,
-0.707106781186548));
#2047=DIRECTION('ref_axis',(-2.44929359829471E-16,-1.,0.));
#2048=DIRECTION('',(-2.44929359829471E-16,-1.,0.));
#2049=DIRECTION('',(-2.44929359829471E-16,-1.,0.));
#2050=DIRECTION('center_axis',(1.,-2.44929359829471E-16,0.));
#2051=DIRECTION('ref_axis',(2.44929359829471E-16,1.,0.));
#2052=DIRECTION('',(0.,0.,1.));
#2053=DIRECTION('',(2.44929359829471E-16,1.,0.));
#2054=DIRECTION('',(0.,0.,-1.));
#2055=DIRECTION('center_axis',(-2.44929359829471E-16,-1.,0.));
#2056=DIRECTION('ref_axis',(1.,-2.44929359829471E-16,0.));
#2057=DIRECTION('',(0.,0.,-1.));
#2058=DIRECTION('',(1.,-2.44929359829471E-16,0.));
#2059=DIRECTION('center_axis',(-1.,2.44929359829471E-16,0.));
#2060=DIRECTION('ref_axis',(-2.44929359829471E-16,-1.,0.));
#2061=DIRECTION('',(0.,0.,-1.));
#2062=DIRECTION('',(-2.44929359829471E-16,-1.,0.));
#2063=DIRECTION('center_axis',(-2.44929359829471E-16,-1.,0.));
#2064=DIRECTION('ref_axis',(1.,-2.44929359829471E-16,0.));
#2065=DIRECTION('',(0.,0.,1.));
#2066=DIRECTION('',(1.,-2.44929359829471E-16,0.));
#2067=DIRECTION('center_axis',(-1.,2.44929359829471E-16,0.));
#2068=DIRECTION('ref_axis',(-2.44929359829471E-16,-1.,0.));
#2069=DIRECTION('',(0.,0.,-1.));
#2070=DIRECTION('',(-2.44929359829471E-16,-1.,0.));
#2071=DIRECTION('center_axis',(2.44929359829471E-16,1.,0.));
#2072=DIRECTION('ref_axis',(-1.,2.44929359829471E-16,0.));
#2073=DIRECTION('',(0.,0.,-1.));
#2074=DIRECTION('',(-1.,2.44929359829471E-16,0.));
#2075=DIRECTION('center_axis',(0.,0.,1.));
#2076=DIRECTION('ref_axis',(1.,-2.44929359829471E-16,0.));
#2077=DIRECTION('center_axis',(0.,0.,-1.));
#2078=DIRECTION('ref_axis',(2.44929359829471E-16,1.,0.));
#2079=DIRECTION('',(-2.44929359829471E-16,-1.,0.));
#2080=DIRECTION('',(-1.,2.44929359829471E-16,0.));
#2081=DIRECTION('',(2.44929359829471E-16,1.,0.));
#2082=DIRECTION('',(-1.,2.44929359829471E-16,0.));
#2083=DIRECTION('',(2.44929359829471E-16,1.,0.));
#2084=DIRECTION('',(1.,-2.44929359829471E-16,0.));
#2085=DIRECTION('center_axis',(2.44929359829471E-16,1.,0.));
#2086=DIRECTION('ref_axis',(-1.,2.44929359829471E-16,0.));
#2087=DIRECTION('',(0.,0.,1.));
#2088=DIRECTION('',(0.,0.,-1.));
#2089=DIRECTION('center_axis',(1.,-2.44929359829471E-16,0.));
#2090=DIRECTION('ref_axis',(2.44929359829471E-16,1.,0.));
#2091=DIRECTION('',(0.,0.,-1.));
#2092=DIRECTION('center_axis',(2.44929359829471E-16,1.,0.));
#2093=DIRECTION('ref_axis',(-1.,2.44929359829471E-16,0.));
#2094=DIRECTION('',(0.,0.,1.));
#2095=DIRECTION('center_axis',(-1.,2.44929359829471E-16,0.));
#2096=DIRECTION('ref_axis',(-2.44929359829471E-16,-1.,0.));
#2097=DIRECTION('center_axis',(-2.44929359829471E-16,-1.,0.));
#2098=DIRECTION('ref_axis',(1.,-2.44929359829471E-16,0.));
#2099=DIRECTION('',(0.,0.,-1.));
#2100=DIRECTION('center_axis',(1.,-2.44929359829471E-16,0.));
#2101=DIRECTION('ref_axis',(2.44929359829471E-16,1.,0.));
#2102=DIRECTION('center_axis',(0.93834311681711,-2.29827778902405E-16,0.345705358827356));
#2103=DIRECTION('ref_axis',(2.44929359829471E-16,1.,0.));
#2104=DIRECTION('',(-2.44929359829471E-16,-1.,0.));
#2105=DIRECTION('',(3.04170691678125E-16,1.,-1.60797900732062E-16));
#2106=DIRECTION('',(-0.326732019606536,0.326732019606536,0.886844053217739));
#2107=DIRECTION('center_axis',(-1.73191211247099E-16,-0.707106781186548,
-0.707106781186548));
#2108=DIRECTION('ref_axis',(1.,-2.44929359829471E-16,0.));
#2109=DIRECTION('',(1.,-2.44929359829471E-16,0.));
#2110=DIRECTION('',(-0.577350269189626,-0.577350269189626,0.577350269189626));
#2111=DIRECTION('',(1.,-2.44929359829471E-16,0.));
#2112=DIRECTION('',(-0.577350269189626,-0.577350269189626,0.577350269189626));
#2113=DIRECTION('center_axis',(1.73191211247099E-16,0.707106781186548,-0.707106781186548));
#2114=DIRECTION('ref_axis',(-1.,2.44929359829471E-16,0.));
#2115=DIRECTION('',(-1.,2.44929359829471E-16,0.));
#2116=DIRECTION('',(-0.577350269189626,0.577350269189626,0.577350269189626));
#2117=DIRECTION('',(-1.,2.44929359829471E-16,0.));
#2118=DIRECTION('',(0.577350269189626,-0.577350269189626,-0.577350269189626));
#2119=DIRECTION('center_axis',(-0.707106781186548,1.73191211247099E-16,
-0.707106781186548));
#2120=DIRECTION('ref_axis',(-2.44929359829471E-16,-1.,0.));
#2121=DIRECTION('',(-2.44929359829471E-16,-1.,0.));
#2122=DIRECTION('',(-0.577350269189626,0.577350269189626,0.577350269189626));
#2123=DIRECTION('',(-2.44929359829471E-16,-1.,0.));
#2124=DIRECTION('center_axis',(1.73191211247099E-16,0.707106781186548,-0.707106781186548));
#2125=DIRECTION('ref_axis',(-1.,2.44929359829471E-16,0.));
#2126=DIRECTION('',(-1.,2.44929359829471E-16,0.));
#2127=DIRECTION('',(0.577350269189626,0.577350269189626,0.577350269189626));
#2128=DIRECTION('',(-1.,2.44929359829471E-16,0.));
#2129=DIRECTION('center_axis',(0.707106781186548,-1.73191211247099E-16,
-0.707106781186548));
#2130=DIRECTION('ref_axis',(2.44929359829471E-16,1.,0.));
#2131=DIRECTION('',(2.44929359829471E-16,1.,0.));
#2132=DIRECTION('',(2.44929359829471E-16,1.,0.));
#2133=DIRECTION('',(0.577350269189626,0.577350269189626,0.577350269189626));
#2134=DIRECTION('center_axis',(1.73191211247099E-16,0.707106781186548,-0.707106781186548));
#2135=DIRECTION('ref_axis',(-1.,2.44929359829471E-16,0.));
#2136=DIRECTION('',(-1.,2.44929359829471E-16,0.));
#2137=DIRECTION('',(-1.,2.44929359829471E-16,0.));
#2138=DIRECTION('',(0.577350269189626,0.577350269189626,0.577350269189626));
#2139=DIRECTION('center_axis',(0.707106781186548,-1.73191211247099E-16,
-0.707106781186548));
#2140=DIRECTION('ref_axis',(2.44929359829471E-16,1.,0.));
#2141=DIRECTION('',(2.44929359829471E-16,1.,0.));
#2142=DIRECTION('',(2.44929359829471E-16,1.,0.));
#2143=DIRECTION('',(0.577350269189626,-0.577350269189626,0.577350269189626));
#2144=DIRECTION('center_axis',(-1.73191211247099E-16,-0.707106781186548,
-0.707106781186548));
#2145=DIRECTION('ref_axis',(1.,-2.44929359829471E-16,0.));
#2146=DIRECTION('',(1.,-2.44929359829471E-16,0.));
#2147=DIRECTION('',(1.,-2.44929359829471E-16,0.));
#2148=DIRECTION('',(0.577350269189626,-0.577350269189626,0.577350269189626));
#2149=DIRECTION('center_axis',(-0.707106781186548,1.73191211247099E-16,
-0.707106781186548));
#2150=DIRECTION('ref_axis',(-2.44929359829471E-16,-1.,0.));
#2151=DIRECTION('',(-2.44929359829471E-16,-1.,0.));
#2152=DIRECTION('',(-2.44929359829471E-16,-1.,0.));
#2153=DIRECTION('center_axis',(0.707106781186548,-1.73191211247099E-16,
-0.707106781186548));
#2154=DIRECTION('ref_axis',(2.44929359829471E-16,1.,0.));
#2155=DIRECTION('',(2.44929359829471E-16,1.,0.));
#2156=DIRECTION('',(2.44929359829471E-16,1.,0.));
#2157=DIRECTION('',(0.577350269189626,-0.577350269189626,0.577350269189626));
#2158=DIRECTION('center_axis',(-1.73191211247099E-16,-0.707106781186548,
-0.707106781186548));
#2159=DIRECTION('ref_axis',(1.,-2.44929359829471E-16,0.));
#2160=DIRECTION('',(1.,-2.44929359829471E-16,0.));
#2161=DIRECTION('',(1.,-2.44929359829471E-16,0.));
#2162=DIRECTION('',(-0.577350269189626,-0.577350269189626,0.577350269189626));
#2163=DIRECTION('center_axis',(-0.707106781186548,1.73191211247099E-16,
-0.707106781186548));
#2164=DIRECTION('ref_axis',(-2.44929359829471E-16,-1.,0.));
#2165=DIRECTION('',(-2.44929359829471E-16,-1.,0.));
#2166=DIRECTION('',(-2.44929359829471E-16,-1.,0.));
#2167=DIRECTION('center_axis',(1.,-2.44929359829471E-16,0.));
#2168=DIRECTION('ref_axis',(2.44929359829471E-16,1.,0.));
#2169=DIRECTION('',(0.,0.,1.));
#2170=DIRECTION('',(2.44929359829471E-16,1.,0.));
#2171=DIRECTION('',(0.,0.,-1.));
#2172=DIRECTION('center_axis',(-2.44929359829471E-16,-1.,0.));
#2173=DIRECTION('ref_axis',(1.,-2.44929359829471E-16,0.));
#2174=DIRECTION('',(0.,0.,-1.));
#2175=DIRECTION('',(1.,-2.44929359829471E-16,0.));
#2176=DIRECTION('center_axis',(-1.,2.44929359829471E-16,0.));
#2177=DIRECTION('ref_axis',(-2.44929359829471E-16,-1.,0.));
#2178=DIRECTION('',(0.,0.,-1.));
#2179=DIRECTION('',(-2.44929359829471E-16,-1.,0.));
#2180=DIRECTION('center_axis',(-2.44929359829471E-16,-1.,0.));
#2181=DIRECTION('ref_axis',(1.,-2.44929359829471E-16,0.));
#2182=DIRECTION('',(0.,0.,1.));
#2183=DIRECTION('',(1.,-2.44929359829471E-16,0.));
#2184=DIRECTION('center_axis',(-1.,2.44929359829471E-16,0.));
#2185=DIRECTION('ref_axis',(-2.44929359829471E-16,-1.,0.));
#2186=DIRECTION('',(0.,0.,-1.));
#2187=DIRECTION('',(-2.44929359829471E-16,-1.,0.));
#2188=DIRECTION('center_axis',(2.44929359829471E-16,1.,0.));
#2189=DIRECTION('ref_axis',(-1.,2.44929359829471E-16,0.));
#2190=DIRECTION('',(0.,0.,1.));
#2191=DIRECTION('',(-1.,2.44929359829471E-16,0.));
#2192=DIRECTION('center_axis',(0.,0.,1.));
#2193=DIRECTION('ref_axis',(1.,-2.44929359829471E-16,0.));
#2194=DIRECTION('center_axis',(0.,0.,-1.));
#2195=DIRECTION('ref_axis',(2.44929359829471E-16,1.,0.));
#2196=DIRECTION('',(-2.44929359829471E-16,-1.,0.));
#2197=DIRECTION('',(-1.,2.44929359829471E-16,0.));
#2198=DIRECTION('',(2.44929359829471E-16,1.,0.));
#2199=DIRECTION('',(-1.,2.44929359829471E-16,0.));
#2200=DIRECTION('',(2.44929359829471E-16,1.,0.));
#2201=DIRECTION('',(1.,-2.44929359829471E-16,0.));
#2202=DIRECTION('center_axis',(2.44929359829471E-16,1.,0.));
#2203=DIRECTION('ref_axis',(-1.,2.44929359829471E-16,0.));
#2204=DIRECTION('',(0.,0.,1.));
#2205=DIRECTION('',(0.,0.,1.));
#2206=DIRECTION('center_axis',(1.,-2.44929359829471E-16,0.));
#2207=DIRECTION('ref_axis',(2.44929359829471E-16,1.,0.));
#2208=DIRECTION('',(0.,0.,-1.));
#2209=DIRECTION('center_axis',(2.44929359829471E-16,1.,0.));
#2210=DIRECTION('ref_axis',(-1.,2.44929359829471E-16,0.));
#2211=DIRECTION('',(0.,0.,1.));
#2212=DIRECTION('center_axis',(-1.,2.44929359829471E-16,0.));
#2213=DIRECTION('ref_axis',(-2.44929359829471E-16,-1.,0.));
#2214=DIRECTION('center_axis',(-2.44929359829471E-16,-1.,0.));
#2215=DIRECTION('ref_axis',(1.,-2.44929359829471E-16,0.));
#2216=DIRECTION('',(0.,0.,-1.));
#2217=DIRECTION('center_axis',(1.,-2.44929359829471E-16,0.));
#2218=DIRECTION('ref_axis',(2.44929359829471E-16,1.,0.));
#2219=DIRECTION('center_axis',(-2.29827778902405E-16,-0.93834311681711,
0.345705358827356));
#2220=DIRECTION('ref_axis',(1.,-2.44929359829471E-16,0.));
#2221=DIRECTION('',(-1.,2.44929359829471E-16,0.));
#2222=DIRECTION('',(1.,-2.64338815386942E-16,-5.26828079417079E-17));
#2223=DIRECTION('center_axis',(1.,-3.04170691678125E-16,0.));
#2224=DIRECTION('ref_axis',(3.04170691678125E-16,1.,0.));
#2225=DIRECTION('',(0.,0.,1.));
#2226=DIRECTION('',(3.04170691678125E-16,1.,0.));
#2227=DIRECTION('',(0.,0.,1.));
#2228=DIRECTION('center_axis',(2.64338815386942E-16,1.,0.));
#2229=DIRECTION('ref_axis',(-1.,2.64338815386942E-16,0.));
#2230=DIRECTION('',(0.,0.,1.));
#2231=DIRECTION('',(-1.,2.64338815386942E-16,0.));
#2232=DIRECTION('center_axis',(0.,-1.61134797893606E-15,-1.));
#2233=DIRECTION('ref_axis',(0.,1.,-1.61134797893606E-15));
#2234=DIRECTION('',(1.,0.,0.));
#2235=DIRECTION('',(0.,1.,-1.61134797893606E-15));
#2236=DIRECTION('',(1.,0.,0.));
#2237=DIRECTION('',(0.,1.,-1.61134797893606E-15));
#2238=DIRECTION('center_axis',(1.,0.,0.));
#2239=DIRECTION('ref_axis',(0.,-0.973029285449466,0.230681619678944));
#2240=DIRECTION('center_axis',(1.,0.,0.));
#2241=DIRECTION('ref_axis',(0.,-0.973029285449466,0.230681619678944));
#2242=DIRECTION('center_axis',(1.,0.,0.));
#2243=DIRECTION('ref_axis',(0.,-0.973029285449466,0.230681619678944));
#2244=DIRECTION('center_axis',(-1.,3.04170691678125E-16,0.));
#2245=DIRECTION('ref_axis',(-3.04170691678125E-16,-1.,0.));
#2246=DIRECTION('',(0.,0.,1.));
#2247=DIRECTION('',(-3.04170691678125E-16,-1.,0.));
#2248=DIRECTION('center_axis',(-2.64338815386942E-16,-1.,0.));
#2249=DIRECTION('ref_axis',(1.,-2.64338815386942E-16,0.));
#2250=DIRECTION('',(1.,-2.64338815386942E-16,0.));
#2251=DIRECTION('center_axis',(0.,0.,1.));
#2252=DIRECTION('ref_axis',(1.,0.,0.));
#2253=DIRECTION('center_axis',(1.,0.,0.));
#2254=DIRECTION('ref_axis',(0.,-0.665881666000833,0.746057375061701));
#2255=DIRECTION('center_axis',(1.,0.,0.));
#2256=DIRECTION('ref_axis',(0.,-0.665881666000833,0.746057375061701));
#2257=DIRECTION('center_axis',(1.,0.,0.));
#2258=DIRECTION('ref_axis',(0.,-0.665881666000833,0.746057375061701));
#2259=DIRECTION('',(1.,0.,0.));
#2260=DIRECTION('center_axis',(0.,-0.665881666000835,0.746057375061699));
#2261=DIRECTION('ref_axis',(0.,-0.746057375061699,-0.665881666000835));
#2262=DIRECTION('',(0.,-0.746057375061699,-0.665881666000835));
#2263=DIRECTION('',(0.,-0.746057375061699,-0.665881666000835));
#2264=DIRECTION('',(1.,0.,0.));
#2265=DIRECTION('center_axis',(0.,0.0436193873653361,0.999048221581858));
#2266=DIRECTION('ref_axis',(0.,-0.999048221581858,0.0436193873653361));
#2267=DIRECTION('',(0.,-0.999048221581858,0.0436193873653361));
#2268=DIRECTION('',(0.,-0.999048221581858,0.0436193873653361));
#2269=DIRECTION('',(1.,0.,0.));
#2270=DIRECTION('center_axis',(0.,1.,4.74967085113592E-16));
#2271=DIRECTION('ref_axis',(0.,-4.74967085113592E-16,1.));
#2272=DIRECTION('',(0.,-4.74967085113592E-16,1.));
#2273=DIRECTION('',(0.,-4.74967085113592E-16,1.));
#2274=DIRECTION('',(1.,0.,0.));
#2275=DIRECTION('center_axis',(0.,0.,-1.));
#2276=DIRECTION('ref_axis',(0.,1.,0.));
#2277=DIRECTION('',(0.,1.,0.));
#2278=DIRECTION('',(0.,1.,0.));
#2279=DIRECTION('center_axis',(1.,0.,0.));
#2280=DIRECTION('ref_axis',(0.,0.,-1.));
#2281=DIRECTION('center_axis',(1.,0.,0.));
#2282=DIRECTION('ref_axis',(0.,0.,-1.));
#2283=CARTESIAN_POINT('',(0.,0.,0.));
#2284=CARTESIAN_POINT('Origin',(-18.6399200000292,-39.3991482915132,10.086841385454));
#2285=CARTESIAN_POINT('',(-18.6399200000292,-39.3991482915132,10.086841385454));
#2286=CARTESIAN_POINT('',(-18.6399200000292,-39.6010159061847,7.2));
#2287=CARTESIAN_POINT('',(-18.6399200000292,-39.3991482915132,10.086841385454));
#2288=CARTESIAN_POINT('',(18.6600799999708,-39.6010159061847,7.2));
#2289=CARTESIAN_POINT('',(-18.6399200000292,-39.6010159061847,7.2));
#2290=CARTESIAN_POINT('',(18.6600799999708,-39.3991482915132,10.086841385454));
#2291=CARTESIAN_POINT('',(18.6600799999708,-39.3991482915132,10.086841385454));
#2292=CARTESIAN_POINT('',(-18.6399200000292,-39.3991482915132,10.086841385454));
#2293=CARTESIAN_POINT('Origin',(16.800084,-23.278101,8.2));
#2294=CARTESIAN_POINT('',(-14.9578107368421,-25.1202062631579,13.2));
#2295=CARTESIAN_POINT('',(14.9579787368421,-25.1202062631579,13.2));
#2296=CARTESIAN_POINT('',(8.400084,-25.1202062631579,13.2));
#2297=CARTESIAN_POINT('',(-16.799916,-23.278101,8.2));
#2298=CARTESIAN_POINT('',(-16.799916,-23.278101,8.2));
#2299=CARTESIAN_POINT('',(16.800084,-23.278101,8.2));
#2300=CARTESIAN_POINT('',(16.800084,-23.278101,8.2));
#2301=CARTESIAN_POINT('',(16.800084,-23.278101,8.2));
#2302=CARTESIAN_POINT('Origin',(-16.799916,-23.278101,8.2));
#2303=CARTESIAN_POINT('',(-14.9578107368421,-36.0359957368421,13.2));
#2304=CARTESIAN_POINT('',(-14.9578107368421,-26.928101,13.2));
#2305=CARTESIAN_POINT('',(-16.799916,-37.878101,8.2));
#2306=CARTESIAN_POINT('',(-16.799916,-37.878101,8.2));
#2307=CARTESIAN_POINT('',(-16.799916,-23.278101,8.2));
#2308=CARTESIAN_POINT('Origin',(-11.999916,-30.578101,8.2));
#2309=CARTESIAN_POINT('',(-14.799916,-30.578101,13.2));
#2310=CARTESIAN_POINT('Origin',(-11.999916,-30.578101,13.2));
#2311=CARTESIAN_POINT('',(-14.799916,-30.578101,8.2));
#2312=CARTESIAN_POINT('',(-14.799916,-30.578101,8.2));
#2313=CARTESIAN_POINT('Origin',(-11.999916,-30.578101,8.2));
#2314=CARTESIAN_POINT('Origin',(12.000084,-30.578101,8.2));
#2315=CARTESIAN_POINT('',(9.200084,-30.578101,13.2));
#2316=CARTESIAN_POINT('Origin',(12.000084,-30.578101,13.2));
#2317=CARTESIAN_POINT('',(9.200084,-30.578101,8.2));
#2318=CARTESIAN_POINT('',(9.200084,-30.578101,8.2));
#2319=CARTESIAN_POINT('Origin',(12.000084,-30.578101,8.2));
#2320=CARTESIAN_POINT('Origin',(8.39999999979746E-5,-30.578101,8.2));
#2321=CARTESIAN_POINT('',(-2.799916,-30.578101,13.2));
#2322=CARTESIAN_POINT('Origin',(8.39999999979746E-5,-30.578101,13.2));
#2323=CARTESIAN_POINT('',(-2.799916,-30.578101,8.2));
#2324=CARTESIAN_POINT('',(-2.799916,-30.578101,8.2));
#2325=CARTESIAN_POINT('Origin',(8.39999999979746E-5,-30.578101,8.2));
#2326=CARTESIAN_POINT('Origin',(-11.707416,-29.843101,8.35));
#2327=CARTESIAN_POINT('',(-11.114916,-29.693101,8.2));
#2328=CARTESIAN_POINT('',(-9.649916,-29.693101,8.2));
#2329=CARTESIAN_POINT('',(-11.707416,-29.693101,8.2));
#2330=CARTESIAN_POINT('',(-9.859916,-29.903101,8.41));
#2331=CARTESIAN_POINT('',(-9.649916,-29.693101,8.2));
#2332=CARTESIAN_POINT('',(-11.324916,-29.903101,8.41));
#2333=CARTESIAN_POINT('',(-11.561166,-29.903101,8.41));
#2334=CARTESIAN_POINT('',(-11.114916,-29.693101,8.2));
#2335=CARTESIAN_POINT('Origin',(-10.974916,-31.313101,8.35));
#2336=CARTESIAN_POINT('',(-9.649916,-31.463101,8.2));
#2337=CARTESIAN_POINT('',(-11.114916,-31.463101,8.2));
#2338=CARTESIAN_POINT('',(-10.974916,-31.463101,8.2));
#2339=CARTESIAN_POINT('',(-11.324916,-31.253101,8.41));
#2340=CARTESIAN_POINT('',(-11.114916,-31.463101,8.2));
#2341=CARTESIAN_POINT('',(-9.859916,-31.253101,8.41));
#2342=CARTESIAN_POINT('',(-10.462416,-31.253101,8.41000000000001));
#2343=CARTESIAN_POINT('',(-9.949916,-31.163101,8.5));
#2344=CARTESIAN_POINT('Origin',(-11.264916,-30.870601,8.35));
#2345=CARTESIAN_POINT('',(-11.114916,-32.928101,8.2));
#2346=CARTESIAN_POINT('',(-11.114916,-30.870601,8.2));
#2347=CARTESIAN_POINT('',(-11.324916,-32.718101,8.41));
#2348=CARTESIAN_POINT('',(-11.114916,-32.928101,8.2));
#2349=CARTESIAN_POINT('',(-11.324916,-31.016851,8.41));
#2350=CARTESIAN_POINT('Origin',(-11.707416,-32.778101,8.35));
#2351=CARTESIAN_POINT('',(-12.884916,-32.928101,8.2));
#2352=CARTESIAN_POINT('',(-11.707416,-32.928101,8.2));
#2353=CARTESIAN_POINT('',(-12.674916,-32.718101,8.41));
#2354=CARTESIAN_POINT('',(-12.884916,-32.928101,8.2));
#2355=CARTESIAN_POINT('',(-11.561166,-32.718101,8.41000000000001));
#2356=CARTESIAN_POINT('Origin',(-12.734916,-31.603101,8.35));
#2357=CARTESIAN_POINT('',(-12.674916,-31.253101,8.41));
#2358=CARTESIAN_POINT('',(-12.674916,-32.115601,8.41000000000001));
#2359=CARTESIAN_POINT('',(-12.884916,-31.463101,8.2));
#2360=CARTESIAN_POINT('',(-12.884916,-31.603101,8.2));
#2361=CARTESIAN_POINT('',(-12.884916,-31.463101,8.2));
#2362=CARTESIAN_POINT('Origin',(-12.292416,-31.313101,8.35));
#2363=CARTESIAN_POINT('',(-14.139916,-31.253101,8.41));
#2364=CARTESIAN_POINT('',(-12.438666,-31.253101,8.41000000000001));
#2365=CARTESIAN_POINT('',(-14.349916,-31.463101,8.2));
#2366=CARTESIAN_POINT('',(-12.292416,-31.463101,8.2));
#2367=CARTESIAN_POINT('',(-14.349916,-31.463101,8.2));
#2368=CARTESIAN_POINT('Origin',(-14.199916,-30.870601,8.35));
#2369=CARTESIAN_POINT('',(-14.139916,-29.903101,8.41));
#2370=CARTESIAN_POINT('',(-14.139916,-31.016851,8.41));
#2371=CARTESIAN_POINT('',(-14.349916,-29.693101,8.2));
#2372=CARTESIAN_POINT('',(-14.349916,-30.870601,8.2));
#2373=CARTESIAN_POINT('',(-14.349916,-29.693101,8.2));
#2374=CARTESIAN_POINT('Origin',(-13.024916,-29.843101,8.35));
#2375=CARTESIAN_POINT('',(-12.674916,-29.903101,8.41));
#2376=CARTESIAN_POINT('',(-13.537416,-29.903101,8.41000000000001));
#2377=CARTESIAN_POINT('',(-12.884916,-29.693101,8.2));
#2378=CARTESIAN_POINT('',(-13.024916,-29.693101,8.2));
#2379=CARTESIAN_POINT('',(-12.884916,-29.693101,8.2));
#2380=CARTESIAN_POINT('Origin',(-9.799916,-30.285601,8.35));
#2381=CARTESIAN_POINT('',(-9.649916,-30.285601,8.2));
#2382=CARTESIAN_POINT('',(-9.859916,-30.139351,8.41));
#2383=CARTESIAN_POINT('Origin',(-12.734916,-30.285601,8.35));
#2384=CARTESIAN_POINT('',(-12.674916,-28.438101,8.41));
#2385=CARTESIAN_POINT('',(-12.674916,-30.139351,8.41));
#2386=CARTESIAN_POINT('',(-12.884916,-28.228101,8.2));
#2387=CARTESIAN_POINT('',(-12.884916,-30.285601,8.2));
#2388=CARTESIAN_POINT('',(-12.884916,-28.228101,8.2));
#2389=CARTESIAN_POINT('Origin',(-12.292416,-28.378101,8.35));
#2390=CARTESIAN_POINT('',(-11.324916,-28.438101,8.41));
#2391=CARTESIAN_POINT('',(-12.438666,-28.438101,8.41000000000001));
#2392=CARTESIAN_POINT('',(-11.114916,-28.228101,8.2));
#2393=CARTESIAN_POINT('',(-12.292416,-28.228101,8.2));
#2394=CARTESIAN_POINT('',(-11.114916,-28.228101,8.2));
#2395=CARTESIAN_POINT('Origin',(-11.264916,-29.553101,8.35));
#2396=CARTESIAN_POINT('',(-11.324916,-29.040601,8.41));
#2397=CARTESIAN_POINT('',(-11.114916,-29.553101,8.2));
#2398=CARTESIAN_POINT('Origin',(-12.674916,-29.993101,8.2));
#2399=CARTESIAN_POINT('',(-12.674916,-28.438101,12.9));
#2400=CARTESIAN_POINT('',(-12.674916,-28.438101,8.2));
#2401=CARTESIAN_POINT('',(-12.674916,-29.903101,12.9));
#2402=CARTESIAN_POINT('',(-12.674916,-30.285601,12.9));
#2403=CARTESIAN_POINT('',(-12.674916,-29.903101,8.2));
#2404=CARTESIAN_POINT('Origin',(-12.584916,-28.438101,8.2));
#2405=CARTESIAN_POINT('',(-11.324916,-28.438101,12.9));
#2406=CARTESIAN_POINT('',(-11.324916,-28.438101,8.2));
#2407=CARTESIAN_POINT('',(-12.292416,-28.438101,12.9));
#2408=CARTESIAN_POINT('Origin',(-11.324916,-28.528101,8.2));
#2409=CARTESIAN_POINT('',(-11.324916,-29.903101,12.9));
#2410=CARTESIAN_POINT('',(-11.324916,-29.903101,8.2));
#2411=CARTESIAN_POINT('',(-11.324916,-29.553101,12.9));
#2412=CARTESIAN_POINT('Origin',(-11.414916,-29.903101,8.2));
#2413=CARTESIAN_POINT('',(-9.859916,-29.903101,12.9));
#2414=CARTESIAN_POINT('',(-9.859916,-29.903101,8.2));
#2415=CARTESIAN_POINT('',(-11.707416,-29.903101,12.9));
#2416=CARTESIAN_POINT('Origin',(-9.859916,-29.993101,8.2));
#2417=CARTESIAN_POINT('',(-9.859916,-31.253101,12.9));
#2418=CARTESIAN_POINT('',(-9.859916,-31.253101,8.2));
#2419=CARTESIAN_POINT('',(-9.859916,-30.285601,12.9));
#2420=CARTESIAN_POINT('Origin',(-9.949916,-31.253101,8.2));
#2421=CARTESIAN_POINT('',(-11.324916,-31.253101,12.9));
#2422=CARTESIAN_POINT('',(-11.324916,-31.253101,8.2));
#2423=CARTESIAN_POINT('',(-10.974916,-31.253101,12.9));
#2424=CARTESIAN_POINT('Origin',(-11.999916,-30.578101,8.2));
#2425=CARTESIAN_POINT('Origin',(-11.999916,-30.578101,12.9));
#2426=CARTESIAN_POINT('',(-11.324916,-32.718101,12.9));
#2427=CARTESIAN_POINT('',(-11.324916,-30.870601,12.9));
#2428=CARTESIAN_POINT('',(-12.674916,-32.718101,12.9));
#2429=CARTESIAN_POINT('',(-11.707416,-32.718101,12.9));
#2430=CARTESIAN_POINT('',(-12.674916,-31.253101,12.9));
#2431=CARTESIAN_POINT('',(-12.674916,-31.603101,12.9));
#2432=CARTESIAN_POINT('',(-14.139916,-31.253101,12.9));
#2433=CARTESIAN_POINT('',(-12.292416,-31.253101,12.9));
#2434=CARTESIAN_POINT('',(-14.139916,-29.903101,12.9));
#2435=CARTESIAN_POINT('',(-14.139916,-30.870601,12.9));
#2436=CARTESIAN_POINT('',(-13.024916,-29.903101,12.9));
#2437=CARTESIAN_POINT('Origin',(-12.584916,-31.253101,8.2));
#2438=CARTESIAN_POINT('',(-14.139916,-31.253101,8.2));
#2439=CARTESIAN_POINT('',(-12.674916,-31.253101,8.2));
#2440=CARTESIAN_POINT('Origin',(-12.674916,-32.628101,8.2));
#2441=CARTESIAN_POINT('',(-12.674916,-32.718101,8.2));
#2442=CARTESIAN_POINT('Origin',(-11.414916,-32.718101,8.2));
#2443=CARTESIAN_POINT('',(-11.324916,-32.718101,8.2));
#2444=CARTESIAN_POINT('Origin',(-11.324916,-31.163101,8.2));
#2445=CARTESIAN_POINT('Origin',(-14.049916,-29.903101,8.2));
#2446=CARTESIAN_POINT('',(-14.139916,-29.903101,8.2));
#2447=CARTESIAN_POINT('Origin',(-14.139916,-31.163101,8.2));
#2448=CARTESIAN_POINT('Origin',(12.292584,-29.843101,8.35));
#2449=CARTESIAN_POINT('',(12.885084,-29.693101,8.2));
#2450=CARTESIAN_POINT('',(14.350084,-29.693101,8.2));
#2451=CARTESIAN_POINT('',(12.292584,-29.693101,8.2));
#2452=CARTESIAN_POINT('',(14.140084,-29.903101,8.41));
#2453=CARTESIAN_POINT('',(14.350084,-29.693101,8.2));
#2454=CARTESIAN_POINT('',(12.675084,-29.903101,8.41));
#2455=CARTESIAN_POINT('',(12.438834,-29.903101,8.41000000000001));
#2456=CARTESIAN_POINT('',(12.885084,-29.693101,8.2));
#2457=CARTESIAN_POINT('Origin',(13.025084,-31.313101,8.35));
#2458=CARTESIAN_POINT('',(14.350084,-31.463101,8.2));
#2459=CARTESIAN_POINT('',(12.885084,-31.463101,8.2));
#2460=CARTESIAN_POINT('',(13.025084,-31.463101,8.2));
#2461=CARTESIAN_POINT('',(12.675084,-31.253101,8.41));
#2462=CARTESIAN_POINT('',(12.885084,-31.463101,8.2));
#2463=CARTESIAN_POINT('',(14.140084,-31.253101,8.41));
#2464=CARTESIAN_POINT('',(13.537584,-31.253101,8.41000000000001));
#2465=CARTESIAN_POINT('',(14.050084,-31.163101,8.5));
#2466=CARTESIAN_POINT('Origin',(12.735084,-30.870601,8.35));
#2467=CARTESIAN_POINT('',(12.885084,-32.928101,8.2));
#2468=CARTESIAN_POINT('',(12.885084,-30.870601,8.2));
#2469=CARTESIAN_POINT('',(12.675084,-32.718101,8.41));
#2470=CARTESIAN_POINT('',(12.885084,-32.928101,8.2));
#2471=CARTESIAN_POINT('',(12.675084,-31.016851,8.41));
#2472=CARTESIAN_POINT('Origin',(12.292584,-32.778101,8.35));
#2473=CARTESIAN_POINT('',(11.115084,-32.928101,8.2));
#2474=CARTESIAN_POINT('',(12.292584,-32.928101,8.2));
#2475=CARTESIAN_POINT('',(11.325084,-32.718101,8.41));
#2476=CARTESIAN_POINT('',(11.115084,-32.928101,8.2));
#2477=CARTESIAN_POINT('',(12.438834,-32.718101,8.41000000000001));
#2478=CARTESIAN_POINT('Origin',(11.265084,-31.603101,8.35));
#2479=CARTESIAN_POINT('',(11.325084,-31.253101,8.41));
#2480=CARTESIAN_POINT('',(11.325084,-32.115601,8.41));
#2481=CARTESIAN_POINT('',(11.115084,-31.463101,8.2));
#2482=CARTESIAN_POINT('',(11.115084,-31.603101,8.2));
#2483=CARTESIAN_POINT('',(11.115084,-31.463101,8.2));
#2484=CARTESIAN_POINT('Origin',(11.707584,-31.313101,8.35));
#2485=CARTESIAN_POINT('',(9.860084,-31.253101,8.41));
#2486=CARTESIAN_POINT('',(11.561334,-31.253101,8.41));
#2487=CARTESIAN_POINT('',(9.650084,-31.463101,8.2));
#2488=CARTESIAN_POINT('',(11.707584,-31.463101,8.2));
#2489=CARTESIAN_POINT('',(9.650084,-31.463101,8.2));
#2490=CARTESIAN_POINT('Origin',(9.800084,-30.870601,8.35));
#2491=CARTESIAN_POINT('',(9.860084,-29.903101,8.41));
#2492=CARTESIAN_POINT('',(9.860084,-31.016851,8.41));
#2493=CARTESIAN_POINT('',(9.650084,-29.693101,8.2));
#2494=CARTESIAN_POINT('',(9.650084,-30.870601,8.2));
#2495=CARTESIAN_POINT('',(9.650084,-29.693101,8.2));
#2496=CARTESIAN_POINT('Origin',(10.975084,-29.843101,8.35));
#2497=CARTESIAN_POINT('',(11.325084,-29.903101,8.41));
#2498=CARTESIAN_POINT('',(10.462584,-29.903101,8.41000000000001));
#2499=CARTESIAN_POINT('',(11.115084,-29.693101,8.2));
#2500=CARTESIAN_POINT('',(10.975084,-29.693101,8.2));
#2501=CARTESIAN_POINT('',(11.115084,-29.693101,8.2));
#2502=CARTESIAN_POINT('Origin',(14.200084,-30.285601,8.35));
#2503=CARTESIAN_POINT('',(14.350084,-30.285601,8.2));
#2504=CARTESIAN_POINT('',(14.140084,-30.139351,8.41));
#2505=CARTESIAN_POINT('Origin',(11.265084,-30.285601,8.35));
#2506=CARTESIAN_POINT('',(11.325084,-28.438101,8.41));
#2507=CARTESIAN_POINT('',(11.325084,-30.139351,8.41));
#2508=CARTESIAN_POINT('',(11.115084,-28.228101,8.2));
#2509=CARTESIAN_POINT('',(11.115084,-30.285601,8.2));
#2510=CARTESIAN_POINT('',(11.115084,-28.228101,8.2));
#2511=CARTESIAN_POINT('Origin',(11.707584,-28.378101,8.35));
#2512=CARTESIAN_POINT('',(12.675084,-28.438101,8.41));
#2513=CARTESIAN_POINT('',(11.561334,-28.438101,8.41000000000001));
#2514=CARTESIAN_POINT('',(12.885084,-28.228101,8.2));
#2515=CARTESIAN_POINT('',(11.707584,-28.228101,8.2));
#2516=CARTESIAN_POINT('',(12.885084,-28.228101,8.2));
#2517=CARTESIAN_POINT('Origin',(12.735084,-29.553101,8.35));
#2518=CARTESIAN_POINT('',(12.675084,-29.040601,8.41000000000001));
#2519=CARTESIAN_POINT('',(12.885084,-29.553101,8.2));
#2520=CARTESIAN_POINT('Origin',(11.325084,-29.993101,8.2));
#2521=CARTESIAN_POINT('',(11.325084,-28.438101,12.9));
#2522=CARTESIAN_POINT('',(11.325084,-28.438101,8.2));
#2523=CARTESIAN_POINT('',(11.325084,-29.903101,12.9));
#2524=CARTESIAN_POINT('',(11.325084,-30.285601,12.9));
#2525=CARTESIAN_POINT('',(11.325084,-29.903101,8.2));
#2526=CARTESIAN_POINT('Origin',(11.415084,-28.438101,8.2));
#2527=CARTESIAN_POINT('',(12.675084,-28.438101,12.9));
#2528=CARTESIAN_POINT('',(12.675084,-28.438101,8.2));
#2529=CARTESIAN_POINT('',(11.707584,-28.438101,12.9));
#2530=CARTESIAN_POINT('Origin',(12.675084,-28.528101,8.2));
#2531=CARTESIAN_POINT('',(12.675084,-29.903101,12.9));
#2532=CARTESIAN_POINT('',(12.675084,-29.903101,8.2));
#2533=CARTESIAN_POINT('',(12.675084,-29.553101,12.9));
#2534=CARTESIAN_POINT('Origin',(12.585084,-29.903101,8.2));
#2535=CARTESIAN_POINT('',(14.140084,-29.903101,12.9));
#2536=CARTESIAN_POINT('',(14.140084,-29.903101,8.2));
#2537=CARTESIAN_POINT('',(12.292584,-29.903101,12.9));
#2538=CARTESIAN_POINT('Origin',(14.140084,-29.993101,8.2));
#2539=CARTESIAN_POINT('',(14.140084,-31.253101,12.9));
#2540=CARTESIAN_POINT('',(14.140084,-31.253101,8.2));
#2541=CARTESIAN_POINT('',(14.140084,-30.285601,12.9));
#2542=CARTESIAN_POINT('Origin',(14.050084,-31.253101,8.2));
#2543=CARTESIAN_POINT('',(12.675084,-31.253101,12.9));
#2544=CARTESIAN_POINT('',(12.675084,-31.253101,8.2));
#2545=CARTESIAN_POINT('',(13.025084,-31.253101,12.9));
#2546=CARTESIAN_POINT('Origin',(12.000084,-30.578101,8.2));
#2547=CARTESIAN_POINT('Origin',(12.000084,-30.578101,12.9));
#2548=CARTESIAN_POINT('',(12.675084,-32.718101,12.9));
#2549=CARTESIAN_POINT('',(12.675084,-30.870601,12.9));
#2550=CARTESIAN_POINT('',(11.325084,-32.718101,12.9));
#2551=CARTESIAN_POINT('',(12.292584,-32.718101,12.9));
#2552=CARTESIAN_POINT('',(11.325084,-31.253101,12.9));
#2553=CARTESIAN_POINT('',(11.325084,-31.603101,12.9));
#2554=CARTESIAN_POINT('',(9.860084,-31.253101,12.9));
#2555=CARTESIAN_POINT('',(11.707584,-31.253101,12.9));
#2556=CARTESIAN_POINT('',(9.860084,-29.903101,12.9));
#2557=CARTESIAN_POINT('',(9.860084,-30.870601,12.9));
#2558=CARTESIAN_POINT('',(10.975084,-29.903101,12.9));
#2559=CARTESIAN_POINT('Origin',(11.415084,-31.253101,8.2));
#2560=CARTESIAN_POINT('',(9.860084,-31.253101,8.2));
#2561=CARTESIAN_POINT('',(11.325084,-31.253101,8.2));
#2562=CARTESIAN_POINT('Origin',(11.325084,-32.628101,8.2));
#2563=CARTESIAN_POINT('',(11.325084,-32.718101,8.2));
#2564=CARTESIAN_POINT('Origin',(12.585084,-32.718101,8.2));
#2565=CARTESIAN_POINT('',(12.675084,-32.718101,8.2));
#2566=CARTESIAN_POINT('Origin',(12.675084,-31.163101,8.2));
#2567=CARTESIAN_POINT('Origin',(9.950084,-29.903101,8.2));
#2568=CARTESIAN_POINT('',(9.860084,-29.903101,8.2));
#2569=CARTESIAN_POINT('Origin',(9.860084,-31.163101,8.2));
#2570=CARTESIAN_POINT('Origin',(16.800084,-37.878101,8.2));
#2571=CARTESIAN_POINT('',(14.9579787368421,-36.0359957368421,13.2));
#2572=CARTESIAN_POINT('',(14.9579787368421,-34.228101,13.2));
#2573=CARTESIAN_POINT('',(16.800084,-37.878101,8.2));
#2574=CARTESIAN_POINT('',(16.800084,-37.878101,8.2));
#2575=CARTESIAN_POINT('',(16.800084,-37.878101,8.2));
#2576=CARTESIAN_POINT('Origin',(0.292583999999998,-29.843101,8.35));
#2577=CARTESIAN_POINT('',(0.885083999999998,-29.693101,8.2));
#2578=CARTESIAN_POINT('',(2.350084,-29.693101,8.2));
#2579=CARTESIAN_POINT('',(0.292583999999998,-29.693101,8.2));
#2580=CARTESIAN_POINT('',(2.140084,-29.903101,8.41));
#2581=CARTESIAN_POINT('',(2.350084,-29.693101,8.2));
#2582=CARTESIAN_POINT('',(0.675083999999998,-29.903101,8.41));
#2583=CARTESIAN_POINT('',(0.438833999999998,-29.903101,8.41000000000001));
#2584=CARTESIAN_POINT('',(0.885083999999998,-29.693101,8.2));
#2585=CARTESIAN_POINT('Origin',(1.025084,-31.313101,8.35));
#2586=CARTESIAN_POINT('',(2.350084,-31.463101,8.2));
#2587=CARTESIAN_POINT('',(0.885083999999998,-31.463101,8.2));
#2588=CARTESIAN_POINT('',(1.025084,-31.463101,8.2));
#2589=CARTESIAN_POINT('',(0.675083999999997,-31.253101,8.41));
#2590=CARTESIAN_POINT('',(0.885083999999998,-31.463101,8.2));
#2591=CARTESIAN_POINT('',(2.140084,-31.253101,8.41));
#2592=CARTESIAN_POINT('',(1.537584,-31.253101,8.41000000000001));
#2593=CARTESIAN_POINT('',(2.050084,-31.163101,8.5));
#2594=CARTESIAN_POINT('Origin',(0.735083999999998,-30.870601,8.35));
#2595=CARTESIAN_POINT('',(0.885083999999998,-32.928101,8.2));
#2596=CARTESIAN_POINT('',(0.885083999999998,-30.870601,8.2));
#2597=CARTESIAN_POINT('',(0.675083999999997,-32.718101,8.41));
#2598=CARTESIAN_POINT('',(0.885083999999998,-32.928101,8.2));
#2599=CARTESIAN_POINT('',(0.675083999999998,-31.016851,8.41));
#2600=CARTESIAN_POINT('Origin',(0.292583999999997,-32.778101,8.35));
#2601=CARTESIAN_POINT('',(-0.884916000000003,-32.928101,8.2));
#2602=CARTESIAN_POINT('',(0.292583999999997,-32.928101,8.2));
#2603=CARTESIAN_POINT('',(-0.674916000000002,-32.718101,8.41));
#2604=CARTESIAN_POINT('',(-0.884916000000003,-32.928101,8.2));
#2605=CARTESIAN_POINT('',(0.438833999999997,-32.718101,8.41000000000001));
#2606=CARTESIAN_POINT('Origin',(-0.734916000000002,-31.603101,8.35));
#2607=CARTESIAN_POINT('',(-0.674916000000002,-31.253101,8.41));
#2608=CARTESIAN_POINT('',(-0.674916000000002,-32.115601,8.41));
#2609=CARTESIAN_POINT('',(-0.884916000000002,-31.463101,8.2));
#2610=CARTESIAN_POINT('',(-0.884916000000002,-31.603101,8.2));
#2611=CARTESIAN_POINT('',(-0.884916000000002,-31.463101,8.2));
#2612=CARTESIAN_POINT('Origin',(-0.292416000000002,-31.313101,8.35));
#2613=CARTESIAN_POINT('',(-2.139916,-31.253101,8.41));
#2614=CARTESIAN_POINT('',(-0.438666000000002,-31.253101,8.41000000000001));
#2615=CARTESIAN_POINT('',(-2.349916,-31.463101,8.2));
#2616=CARTESIAN_POINT('',(-0.292416000000002,-31.463101,8.2));
#2617=CARTESIAN_POINT('',(-2.349916,-31.463101,8.2));
#2618=CARTESIAN_POINT('Origin',(-2.199916,-30.870601,8.35));
#2619=CARTESIAN_POINT('',(-2.139916,-29.903101,8.41));
#2620=CARTESIAN_POINT('',(-2.139916,-31.016851,8.41));
#2621=CARTESIAN_POINT('',(-2.349916,-29.693101,8.2));
#2622=CARTESIAN_POINT('',(-2.349916,-30.870601,8.2));
#2623=CARTESIAN_POINT('',(-2.349916,-29.693101,8.2));
#2624=CARTESIAN_POINT('Origin',(-1.024916,-29.843101,8.35));
#2625=CARTESIAN_POINT('',(-0.674916000000001,-29.903101,8.41));
#2626=CARTESIAN_POINT('',(-1.537416,-29.903101,8.41000000000001));
#2627=CARTESIAN_POINT('',(-0.884916000000002,-29.693101,8.2));
#2628=CARTESIAN_POINT('',(-1.024916,-29.693101,8.2));
#2629=CARTESIAN_POINT('',(-0.884916000000002,-29.693101,8.2));
#2630=CARTESIAN_POINT('Origin',(2.200084,-30.285601,8.35));
#2631=CARTESIAN_POINT('',(2.350084,-30.285601,8.2));
#2632=CARTESIAN_POINT('',(2.140084,-30.139351,8.41));
#2633=CARTESIAN_POINT('Origin',(-0.734916000000002,-30.285601,8.35));
#2634=CARTESIAN_POINT('',(-0.674916000000001,-28.438101,8.41));
#2635=CARTESIAN_POINT('',(-0.674916000000002,-30.139351,8.41));
#2636=CARTESIAN_POINT('',(-0.884916000000002,-28.228101,8.2));
#2637=CARTESIAN_POINT('',(-0.884916000000002,-30.285601,8.2));
#2638=CARTESIAN_POINT('',(-0.884916000000002,-28.228101,8.2));
#2639=CARTESIAN_POINT('Origin',(-0.292416000000001,-28.378101,8.35));
#2640=CARTESIAN_POINT('',(0.675083999999998,-28.438101,8.41));
#2641=CARTESIAN_POINT('',(-0.438666000000001,-28.438101,8.41000000000001));
#2642=CARTESIAN_POINT('',(0.885083999999999,-28.228101,8.2));
#2643=CARTESIAN_POINT('',(-0.292416000000001,-28.228101,8.2));
#2644=CARTESIAN_POINT('',(0.885083999999999,-28.228101,8.2));
#2645=CARTESIAN_POINT('Origin',(0.735083999999998,-29.553101,8.35));
#2646=CARTESIAN_POINT('',(0.675083999999998,-29.040601,8.41));
#2647=CARTESIAN_POINT('',(0.885083999999998,-29.553101,8.2));
#2648=CARTESIAN_POINT('Origin',(-0.674916000000002,-29.993101,8.2));
#2649=CARTESIAN_POINT('',(-0.674916000000001,-28.438101,12.9));
#2650=CARTESIAN_POINT('',(-0.674916000000001,-28.438101,8.2));
#2651=CARTESIAN_POINT('',(-0.674916000000002,-29.903101,12.9));
#2652=CARTESIAN_POINT('',(-0.674916000000002,-30.285601,12.9));
#2653=CARTESIAN_POINT('',(-0.674916000000002,-29.903101,8.2));
#2654=CARTESIAN_POINT('Origin',(-0.584916000000002,-28.438101,8.2));
#2655=CARTESIAN_POINT('',(0.675083999999998,-28.438101,12.9));
#2656=CARTESIAN_POINT('',(0.675083999999998,-28.438101,8.2));
#2657=CARTESIAN_POINT('',(-0.292416000000002,-28.438101,12.9));
#2658=CARTESIAN_POINT('Origin',(0.675083999999998,-28.528101,8.2));
#2659=CARTESIAN_POINT('',(0.675083999999998,-29.903101,12.9));
#2660=CARTESIAN_POINT('',(0.675083999999998,-29.903101,8.2));
#2661=CARTESIAN_POINT('',(0.675083999999998,-29.553101,12.9));
#2662=CARTESIAN_POINT('Origin',(0.585083999999998,-29.903101,8.2));
#2663=CARTESIAN_POINT('',(2.140084,-29.903101,12.9));
#2664=CARTESIAN_POINT('',(2.140084,-29.903101,8.2));
#2665=CARTESIAN_POINT('',(0.292583999999998,-29.903101,12.9));
#2666=CARTESIAN_POINT('Origin',(2.140084,-29.993101,8.2));
#2667=CARTESIAN_POINT('',(2.140084,-31.253101,12.9));
#2668=CARTESIAN_POINT('',(2.140084,-31.253101,8.2));
#2669=CARTESIAN_POINT('',(2.140084,-30.285601,12.9));
#2670=CARTESIAN_POINT('Origin',(2.050084,-31.253101,8.2));
#2671=CARTESIAN_POINT('',(0.675083999999998,-31.253101,12.9));
#2672=CARTESIAN_POINT('',(0.675083999999998,-31.253101,8.2));
#2673=CARTESIAN_POINT('',(1.025084,-31.253101,12.9));
#2674=CARTESIAN_POINT('Origin',(8.39999999979746E-5,-30.578101,8.2));
#2675=CARTESIAN_POINT('Origin',(8.39999999979746E-5,-30.578101,12.9));
#2676=CARTESIAN_POINT('',(0.675083999999997,-32.718101,12.9));
#2677=CARTESIAN_POINT('',(0.675083999999998,-30.870601,12.9));
#2678=CARTESIAN_POINT('',(-0.674916000000002,-32.718101,12.9));
#2679=CARTESIAN_POINT('',(0.292583999999997,-32.718101,12.9));
#2680=CARTESIAN_POINT('',(-0.674916000000002,-31.253101,12.9));
#2681=CARTESIAN_POINT('',(-0.674916000000002,-31.603101,12.9));
#2682=CARTESIAN_POINT('',(-2.139916,-31.253101,12.9));
#2683=CARTESIAN_POINT('',(-0.292416000000002,-31.253101,12.9));
#2684=CARTESIAN_POINT('',(-2.139916,-29.903101,12.9));
#2685=CARTESIAN_POINT('',(-2.139916,-30.870601,12.9));
#2686=CARTESIAN_POINT('',(-1.024916,-29.903101,12.9));
#2687=CARTESIAN_POINT('Origin',(-0.584916000000002,-31.253101,8.2));
#2688=CARTESIAN_POINT('',(-2.139916,-31.253101,8.2));
#2689=CARTESIAN_POINT('',(-0.674916000000002,-31.253101,8.2));
#2690=CARTESIAN_POINT('Origin',(-0.674916000000003,-32.628101,8.2));
#2691=CARTESIAN_POINT('',(-0.674916000000003,-32.718101,8.2));
#2692=CARTESIAN_POINT('Origin',(0.585083999999997,-32.718101,8.2));
#2693=CARTESIAN_POINT('',(0.675083999999997,-32.718101,8.2));
#2694=CARTESIAN_POINT('Origin',(0.675083999999998,-31.163101,8.2));
#2695=CARTESIAN_POINT('Origin',(-2.049916,-29.903101,8.2));
#2696=CARTESIAN_POINT('',(-2.139916,-29.903101,8.2));
#2697=CARTESIAN_POINT('Origin',(-2.139916,-31.163101,8.2));
#2698=CARTESIAN_POINT('Origin',(2.200084,-37.878101,8.2));
#2699=CARTESIAN_POINT('',(1.100084,-36.0359957368421,13.2));
#2700=CARTESIAN_POINT('',(-7.299916,-37.878101,8.19999999999999));
#2701=CARTESIAN_POINT('Origin',(16.800084,-37.878101,7.2));
#2702=CARTESIAN_POINT('',(16.800084,-23.278101,7.2));
#2703=CARTESIAN_POINT('',(16.800084,-23.278101,7.2));
#2704=CARTESIAN_POINT('',(16.800084,-37.878101,7.2));
#2705=CARTESIAN_POINT('',(16.800084,-38.7395584530923,7.2));
#2706=CARTESIAN_POINT('',(16.800084,-37.878101,7.2));
#2707=CARTESIAN_POINT('Origin',(16.800084,-23.278101,7.2));
#2708=CARTESIAN_POINT('',(-16.799916,-23.278101,7.2));
#2709=CARTESIAN_POINT('',(-16.799916,-23.278101,7.2));
#2710=CARTESIAN_POINT('',(-0.919918000014583,-23.278101,7.2));
#2711=CARTESIAN_POINT('Origin',(-18.6399200000292,-42.0006919848584,11.1));
#2712=CARTESIAN_POINT('',(-18.6399200000292,-42.0006919848584,11.1));
#2713=CARTESIAN_POINT('',(18.6600799999708,-42.0006919848584,11.1));
#2714=CARTESIAN_POINT('',(-18.6399200000292,-42.0006919848584,11.1));
#2715=CARTESIAN_POINT('',(-18.6399200000292,-39.2446813921416,11.1));
#2716=CARTESIAN_POINT('',(-18.6399200000292,-42.0006919848584,11.1));
#2717=CARTESIAN_POINT('',(18.6600799999708,-39.2446813921416,11.1));
#2718=CARTESIAN_POINT('',(-18.6399200000292,-39.2446813921416,11.1));
#2719=CARTESIAN_POINT('',(18.6600799999708,-42.0006919848584,11.1));
#2720=CARTESIAN_POINT('Origin',(-18.6399200000292,-33.1186468496096,9.64766594221502));
#2721=CARTESIAN_POINT('Origin',(-18.6399200000292,-33.1186468496096,9.64766594221502));
#2722=CARTESIAN_POINT('Origin',(18.6600799999708,-33.1186468496096,9.64766594221502));
#2723=CARTESIAN_POINT('Origin',(-16.799916,-23.278101,7.2));
#2724=CARTESIAN_POINT('',(-16.799916,-37.878101,7.2));
#2725=CARTESIAN_POINT('',(-16.799916,-37.878101,7.2));
#2726=CARTESIAN_POINT('',(-16.799916,-31.4395584530923,7.2));
#2727=CARTESIAN_POINT('Origin',(-16.799916,-37.878101,7.2));
#2728=CARTESIAN_POINT('',(-17.7199180000146,-37.878101,7.2));
#2729=CARTESIAN_POINT('Origin',(8.39999999979746E-5,-30.578101,13.2));
#2730=CARTESIAN_POINT('Origin',(-18.6399200000292,-33.1186468496096,9.64766594221502));
#2731=CARTESIAN_POINT('',(-18.6399200000292,-39.1115818436171,16.3621823177703));
#2732=CARTESIAN_POINT('Origin',(-18.6399200000292,-33.1186468496096,9.64766594221502));
#2733=CARTESIAN_POINT('',(18.6600799999708,-39.1115818436171,16.3621823177703));
#2734=CARTESIAN_POINT('Origin',(18.6600799999708,-33.1186468496096,9.64766594221502));
#2735=CARTESIAN_POINT('',(-18.6399200000292,-39.1115818436171,16.3621823177703));
#2736=CARTESIAN_POINT('Origin',(-18.6399200000292,-38.1006612113899,17.2644634790904));
#2737=CARTESIAN_POINT('',(-18.6399200000292,-38.1006612113899,17.2644634790904));
#2738=CARTESIAN_POINT('',(-18.6399200000292,-38.1006612113899,17.2644634790904));
#2739=CARTESIAN_POINT('',(18.6600799999708,-38.1006612113899,17.2644634790904));
#2740=CARTESIAN_POINT('',(18.6600799999708,-38.1006612113899,17.2644634790904));
#2741=CARTESIAN_POINT('',(-18.6399200000292,-38.1006612113899,17.2644634790904));
#2742=CARTESIAN_POINT('Origin',(-18.6399200000292,-21.7343390000001,16.5498944193966));
#2743=CARTESIAN_POINT('',(-18.6399200000292,-21.7343390000001,16.5498944193966));
#2744=CARTESIAN_POINT('',(-18.6399200000292,-21.7343390000001,16.5498944193966));
#2745=CARTESIAN_POINT('',(18.6600799999708,-21.7343390000001,16.5498944193966));
#2746=CARTESIAN_POINT('',(18.6600799999708,-21.7343390000001,16.5498944193966));
#2747=CARTESIAN_POINT('',(-18.6399200000292,-21.7343390000001,16.5498944193966));
#2748=CARTESIAN_POINT('Origin',(-18.6399200000292,-21.7343390000001,7.2));
#2749=CARTESIAN_POINT('',(-18.6399200000292,-21.7343390000001,7.2));
#2750=CARTESIAN_POINT('',(-18.6399200000292,-21.7343390000001,7.2));
#2751=CARTESIAN_POINT('',(18.6600799999708,-21.7343390000001,7.2));
#2752=CARTESIAN_POINT('',(18.6600799999708,-21.7343390000001,7.2));
#2753=CARTESIAN_POINT('',(-18.6399200000292,-21.7343390000001,7.2));
#2754=CARTESIAN_POINT('Origin',(-18.6399200000292,-39.6010159061847,7.2));
#2755=CARTESIAN_POINT('',(-18.6399200000292,-39.6010159061847,7.2));
#2756=CARTESIAN_POINT('',(18.6600799999708,-39.6010159061847,7.2));
#2757=CARTESIAN_POINT('Origin',(18.6600799999708,-31.8675154924292,12.2322317395452));
#2758=CARTESIAN_POINT('Origin',(-18.6399200000292,-31.8675154924292,12.2322317395452));
#2759=UNCERTAINTY_MEASURE_WITH_UNIT(LENGTH_MEASURE(0.01),#2763,
'DISTANCE_ACCURACY_VALUE',
'Maximum model space distance between geometric entities at asserted c
onnectivities');
#2760=UNCERTAINTY_MEASURE_WITH_UNIT(LENGTH_MEASURE(0.01),#2763,
'DISTANCE_ACCURACY_VALUE',
'Maximum model space distance between geometric entities at asserted c
onnectivities');
#2761=(
GEOMETRIC_REPRESENTATION_CONTEXT(3)
GLOBAL_UNCERTAINTY_ASSIGNED_CONTEXT((#2759))
GLOBAL_UNIT_ASSIGNED_CONTEXT((#2763,#2764,#2765))
REPRESENTATION_CONTEXT('','3D')
);
#2762=(
GEOMETRIC_REPRESENTATION_CONTEXT(3)
GLOBAL_UNCERTAINTY_ASSIGNED_CONTEXT((#2760))
GLOBAL_UNIT_ASSIGNED_CONTEXT((#2763,#2764,#2765))
REPRESENTATION_CONTEXT('','3D')
);
#2763=(
LENGTH_UNIT()
NAMED_UNIT(*)
SI_UNIT(.MILLI.,.METRE.)
);
#2764=(
NAMED_UNIT(*)
PLANE_ANGLE_UNIT()
SI_UNIT($,.RADIAN.)
);
#2765=(
NAMED_UNIT(*)
SI_UNIT($,.STERADIAN.)
SOLID_ANGLE_UNIT()
);
#2766=SHAPE_DEFINITION_REPRESENTATION(#2767,#2768);
#2767=PRODUCT_DEFINITION_SHAPE('',$,#2770);
#2768=SHAPE_REPRESENTATION('',(#1727),#2761);
#2769=PRODUCT_DEFINITION_CONTEXT('part definition',#2774,'design');
#2770=PRODUCT_DEFINITION('Bottom Row 2u','Bottom Row 2u',#2771,#2769);
#2771=PRODUCT_DEFINITION_FORMATION('',$,#2776);
#2772=PRODUCT_RELATED_PRODUCT_CATEGORY('Bottom Row 2u','Bottom Row 2u',
(#2776));
#2773=APPLICATION_PROTOCOL_DEFINITION('international standard',
'automotive_design',2009,#2774);
#2774=APPLICATION_CONTEXT(
'Core Data for Automotive Mechanical Design Process');
#2775=PRODUCT_CONTEXT('part definition',#2774,'mechanical');
#2776=PRODUCT('Bottom Row 2u','Bottom Row 2u',$,(#2775));
#2777=PRESENTATION_STYLE_ASSIGNMENT((#2779));
#2778=PRESENTATION_STYLE_ASSIGNMENT((#2780));
#2779=SURFACE_STYLE_USAGE(.BOTH.,#2781);
#2780=SURFACE_STYLE_USAGE(.BOTH.,#2782);
#2781=SURFACE_SIDE_STYLE('',(#2783));
#2782=SURFACE_SIDE_STYLE('',(#2784));
#2783=SURFACE_STYLE_FILL_AREA(#2785);
#2784=SURFACE_STYLE_FILL_AREA(#2786);
#2785=FILL_AREA_STYLE('Stahl - satiniert',(#2787));
#2786=FILL_AREA_STYLE('Farbe - Emaille gl\X\E4nzend (Wei\X\DF)',(#2788));
#2787=FILL_AREA_STYLE_COLOUR('Stahl - satiniert',#2789);
#2788=FILL_AREA_STYLE_COLOUR('Farbe - Emaille gl\X\E4nzend (Wei\X\DF)',
#2790);
#2789=COLOUR_RGB('Stahl - satiniert',0.627450980392157,0.627450980392157,
0.627450980392157);
#2790=COLOUR_RGB('Farbe - Emaille gl\X\E4nzend (Wei\X\DF)',0.964705882352941,
0.964705882352941,0.952941176470588);
ENDSEC;
END-ISO-10303-21;
